Semaine,Jour apres plantation,Vitesse de maturation,variete,Rendement (t/ha),ETo (mm),Temperature (Min) (C),Temperature (Moy) (C),Temperature (Max) (C),Humidite relative (Min) (%),Humidite relative (Moy) (%),Humidite relative (Max) (%),Rayonnement global (j/cm2),VPD (Min) (Kpa),VPD (Kpa),VPD (Max) (Kpa),Degre jour (C),Cumul degres jour  (C),Amplitude thermique (C),Indice de chaleur (C),Point de rosee (C)
41,59,1,2009,5.0,2.84,11.46,16.34,21.36,65.58,88.91,100.0,1948.48,0.0,0.2,1.03,6.41,187.71,9.9,18.43,9.93
42,66,1,2009,4.2,3.47,11.11,16.43,22.68,56.1,81.21,97.1,2328.08,0.04,0.35,1.33,6.9,194.6,11.57,21.14,9.37
43,73,1,2009,8.9,4.69,11.17,20.67,34.46,38.52,62.59,84.59,2224.68,0.32,1.03,4.72,12.82,207.42,23.29,22.43,9.99
41,59,1,2009,6.8,3.63,12.15,18.36,26.85,57.67,84.78,100.0,2287.31,0.0,0.32,1.75,9.5,216.92,14.7,19.14,10.56
42,66,1,2009,4.2,3.26,15.07,19.22,26.57,59.38,81.95,97.24,2011.9,0.05,0.41,1.74,10.82,227.74,11.5,19.71,10.74
43,73,1,2009,8.4,4.24,12.16,19.01,27.78,49.84,76.87,98.48,2386.87,0.03,0.52,2.49,9.97,237.71,15.62,21.0,10.26
41,59,1,2009,1.43,2.29,16.76,21.13,28.79,75.87,93.44,100.0,1350.81,0.0,0.17,1.41,12.78,11.77,12.03,18.0,12.33
42,66,1,2009,2.74,2.76,14.71,21.05,27.59,66.63,90.79,100.0,1614.18,0.0,0.23,1.68,11.15,22.92,12.88,18.71,12.13
43,73,1,2009,5.2,2.67,14.36,20.47,31.81,59.31,86.72,100.0,1565.21,0.05,0.34,3.05,13.09,36.0,17.45,19.0,11.6
44,80,1,2009,3.0,2.6,12.02,17.34,23.97,60.48,88.9,97.79,1664.52,0.0,0.22,1.24,8.0,44.0,11.95,18.0,10.4
45,87,1,2009,4.39,4.09,12.61,24.44,35.6,20.78,44.18,100.0,1404.68,0.56,1.8,4.76,14.11,58.1,22.99,24.71,10.31
46,94,1,2009,8.23,2.21,13.15,18.49,25.35,60.02,82.58,67.49,1304.95,0.04,0.37,1.62,9.25,67.35,12.2,19.43,10.46
47,101,1,2009,8.16,3.69,15.37,24.02,34.23,30.85,52.57,97.35,1135.2,0.55,1.49,4.22,14.8,82.15,18.86,24.57,10.73
48,108,1,2009,6.95,4.07,15.99,23.83,32.98,20.82,35.62,73.75,1212.9,1.05,1.92,3.97,14.49,96.64,16.99,24.71,9.4
49,115,1,2009,5.01,2.37,10.01,17.86,28.57,41.0,71.43,54.87,1239.26,0.14,0.61,2.98,9.29,105.93,18.56,22.14,9.31
50,122,1,2009,3.67,2.14,8.9,15.58,26.32,48.4,74.99,93.24,1158.7,0.08,0.46,2.5,7.61,113.54,17.42,23.29,8.46
51,129,1,2009,3.95,2.23,10.19,17.18,29.23,48.5,76.04,94.0,1073.57,0.13,0.52,3.33,9.71,123.25,19.04,20.14,9.34
52,136,1,2009,3.13,2.82,8.36,17.51,28.87,29.57,54.72,93.68,1172.39,0.34,0.95,3.28,8.62,131.86,20.51,24.89,7.81
1,143,1,2009,2.08,2.46,7.83,15.13,23.0,38.66,67.45,77.57,1305.85,0.16,0.56,2.01,5.42,137.28,15.17,25.29,7.59
2,150,1,2009,4.03,2.49,9.1,15.73,26.85,41.17,72.72,86.94,1391.58,0.12,0.5,2.65,7.98,145.25,17.75,23.29,8.36
3,157,1,2009,1.54,2.89,8.22,15.43,28.17,42.38,70.14,91.79,1445.05,0.19,0.6,3.16,8.2,153.45,19.95,23.86,7.99
4,164,1,2009,3.46,2.56,9.58,16.15,26.86,53.03,82.96,89.38,1504.71,0.04,0.33,2.92,8.22,161.67,17.28,19.57,9.37
5,171,1,2009,3.21,2.63,7.42,14.87,20.98,51.25,79.14,97.92,1568.27,0.05,0.35,1.64,4.2,165.87,13.56,22.86,8.4
6,178,1,2009,3.67,3.34,5.94,15.44,27.17,28.78,58.9,96.78,1731.34,0.2,0.75,2.97,6.56,172.42,21.23,25.71,7.01
7,185,1,2009,2.86,3.01,8.18,15.93,28.31,36.17,67.23,84.35,1599.66,0.06,0.61,3.21,8.25,180.67,20.13,24.57,8.0
8,192,1,2009,3.6,3.01,11.08,16.53,25.51,55.47,85.46,96.44,1878.6,0.0,0.28,2.0,8.3,188.96,14.43,19.29,9.76
9,199,1,2009,4.54,2.77,10.68,15.98,26.97,62.02,88.6,100.0,1850.13,0.0,0.21,2.41,8.83,197.79,16.29,18.57,9.74
10,206,1,2009,3.06,2.33,11.74,15.79,21.1,71.48,92.56,100.0,1655.04,0.0,0.13,0.85,6.42,204.21,9.36,16.86,9.94
11,213,1,2009,2.81,2.84,11.46,16.34,21.36,65.58,88.91,100.0,1948.48,0.0,0.2,1.03,6.41,210.62,9.9,18.43,9.93
12,220,1,2009,4.15,3.47,11.11,16.43,22.68,56.1,81.21,100.0,2328.08,0.04,0.35,1.33,6.9,217.51,11.57,21.14,9.37
13,227,1,2009,4.4,4.69,11.17,20.67,34.46,38.52,62.59,97.1,2224.68,0.32,1.03,4.72,12.82,230.33,23.29,22.43,9.99
14,234,1,2009,3.6,3.63,12.15,18.36,26.85,57.67,84.78,84.59,2287.31,0.0,0.32,1.75,9.5,239.83,14.7,19.14,10.56
15,241,1,2009,4.1,3.26,15.07,19.22,26.57,59.38,81.95,100.0,2011.9,0.05,0.41,1.74,10.82,250.65,11.5,19.71,10.74
16,248,1,2009,3.7,4.24,12.16,19.01,27.78,49.84,76.87,97.24,2386.87,0.03,0.52,2.49,9.97,260.62,15.62,21.0,10.26
41,54,1,2010,1.0,2.29,16.76,21.13,28.79,75.87,93.44,98.48,1350.81,0.0,0.17,1.41,12.78,11.77,12.03,18.0,12.33
42,61,1,2010,2.8,2.76,14.71,21.05,27.59,66.63,90.79,100.0,1614.18,0.0,0.23,1.68,11.15,22.92,12.88,18.71,12.13
43,68,1,2010,4.4,2.67,14.36,20.47,31.81,59.31,86.72,100.0,1565.21,0.05,0.34,3.05,13.09,36.0,17.45,19.0,11.6
44,75,1,2010,3.8,2.6,12.02,17.34,23.97,60.48,88.9,97.79,1664.52,0.0,0.22,1.24,8.0,44.0,11.95,18.0,10.4
45,82,1,2010,5.6,4.09,12.61,24.44,35.6,20.78,44.18,100.0,1404.68,0.56,1.8,4.76,14.11,58.1,22.99,24.71,10.31
46,89,1,2010,9.1,2.21,13.15,18.49,25.35,60.02,82.58,67.49,1304.95,0.04,0.37,1.62,9.25,67.35,12.2,19.43,10.46
47,96,1,2010,9.1,3.69,15.37,24.02,34.23,30.85,52.57,97.35,1135.2,0.55,1.49,4.22,14.8,82.15,18.86,24.57,10.73
48,103,1,2010,6.9,4.07,15.99,23.83,32.98,20.82,35.62,73.75,1212.9,1.05,1.92,3.97,14.49,96.64,16.99,24.71,9.4
49,110,1,2010,7.9,2.37,10.01,17.86,28.57,41.0,71.43,54.87,1239.26,0.14,0.61,2.98,9.29,105.93,18.56,22.14,9.31
50,117,1,2010,6.5,2.14,8.9,15.58,26.32,48.4,74.99,93.24,1158.7,0.08,0.46,2.5,7.61,113.54,17.42,23.29,8.46
51,124,1,2010,4.0,2.23,10.19,17.18,29.23,48.5,76.04,94.0,1073.57,0.13,0.52,3.33,9.71,123.25,19.04,20.14,9.34
52,131,1,2010,3.4,2.82,8.36,17.51,28.87,29.57,54.72,93.68,1172.39,0.34,0.95,3.28,8.62,131.86,20.51,24.89,7.81
1,138,1,2010,3.5,2.46,7.83,15.13,23.0,38.66,67.45,77.57,1305.85,0.16,0.56,2.01,5.42,137.28,15.17,25.29,7.59
2,145,1,2010,4.9,2.49,9.1,15.73,26.85,41.17,72.72,86.94,1391.58,0.12,0.5,2.65,7.98,145.25,17.75,23.29,8.36
3,152,1,2010,3.8,2.89,8.22,15.43,28.17,42.38,70.14,91.79,1445.05,0.19,0.6,3.16,8.2,153.45,19.95,23.86,7.99
4,159,1,2010,3.7,2.56,9.58,16.15,26.86,53.03,82.96,89.38,1504.71,0.04,0.33,2.92,8.22,161.67,17.28,19.57,9.37
5,166,1,2010,4.1,2.63,7.42,14.87,20.98,51.25,79.14,97.92,1568.27,0.05,0.35,1.64,4.2,165.87,13.56,22.86,8.4
6,173,1,2010,5.8,3.34,5.94,15.44,27.17,28.78,58.9,96.78,1731.34,0.2,0.75,2.97,6.56,172.42,21.23,25.71,7.01
7,180,1,2010,4.1,3.01,8.18,15.93,28.31,36.17,67.23,84.35,1599.66,0.06,0.61,3.21,8.25,180.67,20.13,24.57,8.0
8,187,1,2010,4.8,3.01,11.08,16.53,25.51,55.47,85.46,96.44,1878.6,0.0,0.28,2.0,8.3,188.96,14.43,19.29,9.76
9,194,1,2010,7.6,2.77,10.68,15.98,26.97,62.02,88.6,100.0,1850.13,0.0,0.21,2.41,8.83,197.79,16.29,18.57,9.74
10,201,1,2010,5.3,2.33,11.74,15.79,21.1,71.48,92.56,100.0,1655.04,0.0,0.13,0.85,6.42,204.21,9.36,16.86,9.94
11,208,1,2010,4.7,2.84,11.46,16.34,21.36,65.58,88.91,100.0,1948.48,0.0,0.2,1.03,6.41,210.62,9.9,18.43,9.93
12,215,1,2010,5.2,3.47,11.11,16.43,22.68,56.1,81.21,100.0,2328.08,0.04,0.35,1.33,6.9,217.51,11.57,21.14,9.37
13,222,1,2010,5.1,4.69,11.17,20.67,34.46,38.52,62.59,97.1,2224.68,0.32,1.03,4.72,12.82,230.33,23.29,22.43,9.99
14,229,1,2010,5.4,3.63,12.15,18.36,26.85,57.67,84.78,84.59,2287.31,0.0,0.32,1.75,9.5,239.83,14.7,19.14,10.56
15,236,1,2010,2.9,3.26,15.07,19.22,26.57,59.38,81.95,100.0,2011.9,0.05,0.41,1.74,10.82,250.65,11.5,19.71,10.74
16,243,1,2010,4.2,4.24,12.16,19.01,27.78,49.84,76.87,97.24,2386.87,0.03,0.52,2.49,9.97,260.62,15.62,21.0,10.26
46,53,1,2030,4.96,2.26,14.18,18.86,28.33,51.91,81.16,99.93,1202.24,0.04,0.42,2.18,11.25,10.13,14.15,19.71,10.53
47,60,1,2030,3.63,2.89,17.25,23.19,34.73,31.28,58.25,95.07,1045.83,0.49,1.24,4.29,15.99,26.12,17.48,24.14,10.8
48,67,1,2030,7.18,2.97,16.0,22.72,34.14,19.91,40.47,63.69,1100.05,0.84,1.65,4.23,15.07,41.19,18.14,24.71,9.27
49,74,1,2030,6.3,2.19,11.07,17.75,30.67,35.46,69.87,99.93,1143.96,0.12,0.64,3.33,10.87,52.06,19.6,22.86,9.14
50,81,1,2030,2.32,1.84,8.86,15.09,27.94,44.02,76.29,99.93,1060.65,0.06,0.41,2.8,8.4,60.46,19.08,23.29,8.31
51,88,1,2030,2.19,1.81,5.14,17.73,30.16,10.45,65.97,99.93,996.96,0.42,0.69,3.52,7.65,68.11,25.02,4.57,3.79
52,95,1,2030,3.6,2.57,8.99,16.5,29.3,28.26,55.09,89.11,1130.63,0.29,0.86,3.2,7.34,16.71,20.31,60.3,7.27
1,102,1,2030,4.06,2.02,8.87,15.12,24.58,28.27,58.64,94.54,1025.06,0.26,0.71,2.32,6.73,23.43,15.71,27.2,6.8
2,109,1,2030,4.41,2.37,8.09,15.24,28.34,31.23,63.62,99.72,1304.44,0.17,0.64,3.05,8.22,31.65,20.25,26.0,7.3
3,116,1,2030,4.14,2.54,7.42,14.8,29.37,31.81,61.9,93.92,1350.4,0.18,0.68,3.53,8.4,40.05,21.95,27.29,6.91
4,123,1,2030,3.97,2.54,9.86,16.2,27.83,34.18,71.26,97.67,1396.63,0.1,0.54,3.23,8.85,48.89,17.97,23.71,8.49
5,130,1,2030,6.88,2.7,7.5,14.45,23.45,36.34,67.25,97.62,1475.76,0.11,0.55,2.19,5.47,54.37,15.95,27.14,7.2
6,137,1,2030,4.03,3.09,7.13,14.99,28.44,18.84,50.47,93.18,1623.28,0.26,0.86,3.29,7.78,62.15,21.31,27.57,5.96
7,144,1,2030,3.12,2.94,8.82,16.03,29.95,25.89,56.16,94.54,1496.77,0.21,0.82,3.68,9.38,71.54,21.13,26.14,7.1
8,151,1,2030,3.24,2.99,10.33,16.78,28.09,38.2,70.95,95.61,1849.94,0.11,0.56,2.64,9.21,80.75,17.76,23.86,8.77
9,158,1,2030,1.53,3.07,11.32,16.28,28.06,45.74,74.09,92.76,1802.52,0.12,0.49,2.79,9.69,90.44,16.74,23.57,8.76
10,165,1,2030,5.32,2.31,12.48,15.74,22.91,55.41,81.06,95.17,1491.88,0.11,0.34,1.42,7.69,98.13,10.43,22.0,9.04
11,172,1,2030,6.9,3.23,12.4,16.71,23.45,49.75,75.12,92.89,1908.36,0.13,0.47,1.51,7.92,106.05,11.05,23.14,9.03
12,179,1,2030,5.83,4.0,11.17,17.0,25.32,38.7,67.0,92.68,2217.33,0.17,0.64,2.17,8.24,114.3,14.15,24.57,8.56
13,186,1,2030,3.17,4.74,14.35,21.06,35.95,28.34,52.89,93.66,2199.88,0.3,1.28,5.28,15.15,129.45,21.6,24.14,9.41
14,193,1,2030,2.29,4.01,13.19,18.76,28.87,42.95,71.35,93.54,2239.91,0.17,0.62,2.53,11.03,140.48,15.68,22.71,9.76
15,200,1,2030,3.28,3.67,14.48,19.53,27.78,46.69,68.79,92.22,2068.87,0.2,0.71,2.12,11.13,151.61,13.3,23.0,9.93
16,207,1,2030,4.95,4.84,13.48,20.15,26.98714286,35.57,61.28,95.63,2396.71,0.23,0.93,2.52,10.23,161.84,13.51,23.86,9.64
46,53,1,2031,2.77,2.26,14.18,18.86,28.33,51.91,81.16,99.93,1202.24,0.04,0.42,2.18,11.25,11.25,14.15,19.71,10.53
47,60,1,2031,4.22,2.89,17.25,23.19,34.73,31.28,58.25,95.07,1045.83,0.49,1.24,4.29,15.99,27.24,17.48,24.14,10.8
48,67,1,2031,3.64,2.97,16.0,22.72,34.14,19.91,40.47,63.69,1100.05,0.84,1.65,4.23,15.07,42.31,18.14,24.71,9.27
49,74,1,2031,5.75,2.19,11.07,17.75,30.67,35.46,69.87,99.93,1143.96,0.12,0.64,3.33,10.87,53.18,19.6,22.86,9.14
50,81,1,2031,1.7,1.84,8.86,15.09,27.94,44.02,76.29,99.93,1060.65,0.06,0.41,2.8,8.4,61.58,19.08,23.29,8.31
51,88,1,2031,4.18,1.81,5.14,17.73,30.16,10.45,65.97,99.93,996.96,0.42,0.69,3.52,7.65,69.23,25.02,4.57,3.79
52,95,1,2031,2.57,0.0,16.5,29.3,28.26,55.09,89.11,1130.63,14.37,0.86,3.2,7.34,16.71,26.43,11.77,7.27,0.0
1,102,1,2031,2.98,2.02,8.87,15.12,24.58,28.27,58.64,94.54,1025.06,0.26,0.71,2.32,6.73,33.15,15.71,27.2,6.8
2,109,1,2031,3.72,2.37,8.09,15.24,28.34,31.23,63.62,99.72,1304.44,0.17,0.64,3.05,8.22,41.37,20.25,26.0,7.3
3,116,1,2031,3.78,2.54,7.42,14.8,29.37,31.81,61.9,93.92,1350.4,0.18,0.68,3.53,8.4,49.77,21.95,27.29,6.91
4,123,1,2031,5.22,2.54,9.86,16.2,27.83,34.18,71.26,97.67,1396.63,0.1,0.54,3.23,8.85,58.61,17.97,23.71,8.49
5,130,1,2031,5.52,2.7,7.5,14.45,23.45,36.34,67.25,97.62,1475.76,0.11,0.55,2.19,5.47,64.09,15.95,27.14,7.2
6,137,1,2031,4.4,3.09,7.13,14.99,28.44,18.84,50.47,93.18,1623.28,0.26,0.86,3.29,7.78,71.87,21.31,27.57,5.96
7,144,1,2031,3.19,2.94,8.82,16.03,29.95,25.89,56.16,94.54,1496.77,0.21,0.82,3.68,9.38,81.26,21.13,26.14,7.1
8,151,1,2031,4.44,2.99,10.33,16.78,28.09,38.2,70.95,95.61,1849.94,0.11,0.56,2.64,9.21,90.47,17.76,23.86,8.77
9,158,1,2031,6.14,3.07,11.32,16.28,28.06,45.74,74.09,92.76,1802.52,0.12,0.49,2.79,9.69,100.16,16.74,23.57,8.76
10,165,1,2031,9.5,2.31,12.48,15.74,22.91,55.41,81.06,95.17,1491.88,0.11,0.34,1.42,7.69,107.85,10.43,22.0,9.04
11,172,1,2031,6.7,3.23,12.4,16.71,23.45,49.75,75.12,92.89,1908.36,0.13,0.47,1.51,7.92,115.77,11.05,23.14,9.03
12,179,1,2031,4.05,4.0,11.17,17.0,25.32,38.7,67.0,92.68,2217.33,0.17,0.64,2.17,8.24,124.02,14.15,24.57,8.56
13,186,1,2031,4.46,4.74,14.35,21.06,35.95,28.34,52.89,93.66,2199.88,0.3,1.28,5.28,15.15,139.17,21.6,24.14,9.41
14,193,1,2031,4.03,4.01,13.19,18.76,28.87,42.95,71.35,93.54,2239.91,0.17,0.62,2.53,11.03,150.2,15.68,22.71,9.76
15,200,1,2031,4.1,3.67,14.48,19.53,27.78,46.69,68.79,92.22,2068.87,0.2,0.71,2.12,11.13,161.33,13.3,23.0,9.93
16,207,1,2031,4.15,4.84,13.48,20.15,26.99,35.57,61.28,95.63,2396.71,0.23,0.93,2.52,10.23,171.56,13.51,23.86,9.64
47,60,1,2032,2.78,2.89,17.25,23.19,34.73,31.28,58.25,95.07,1045.83,0.49,1.24,4.29,15.99,27.24,17.48,24.14,10.8
48,67,1,2032,8.14,2.97,16.0,22.72,34.14,19.91,40.47,63.69,1100.05,0.84,1.65,4.23,15.07,42.31,18.14,24.71,9.27
49,74,1,2032,5.6,2.19,11.07,17.75,30.67,35.46,69.87,99.93,1143.96,0.12,0.64,3.33,10.87,53.18,19.6,22.86,9.14
50,81,1,2032,3.55,1.84,8.86,15.09,27.94,44.02,76.29,99.93,1060.65,0.06,0.41,2.8,8.4,61.58,19.08,23.29,8.31
51,88,1,2032,3.85,1.81,5.14,17.73,30.16,10.45,65.97,99.93,996.96,0.42,0.69,3.52,7.65,69.23,25.02,4.57,3.79
52,95,1,2032,10.04,2.57,8.99,16.5,29.3,28.26,55.09,89.11,1130.63,0.29,0.86,3.2,7.34,16.71,20.31,60.3,7.27
1,102,1,2032,2.87,2.02,8.87,15.12,24.58,28.27,58.64,94.54,1025.06,0.26,0.71,2.32,6.73,33.15,15.71,27.2,6.8
2,109,1,2032,3.45,2.37,8.09,15.24,28.34,31.23,63.62,99.72,1304.44,0.17,0.64,3.05,8.22,41.37,20.25,26.0,7.3
3,116,1,2032,6.94,2.54,7.42,14.8,29.37,31.81,61.9,93.92,1350.4,0.18,0.68,3.53,8.4,49.77,21.95,27.29,6.91
4,123,1,2032,1.56,2.54,9.86,16.2,27.83,34.18,71.26,97.67,1396.63,0.1,0.54,3.23,8.85,58.61,17.97,23.71,8.49
5,130,1,2032,5.35,2.7,7.5,14.45,23.45,36.34,67.25,97.62,1475.76,0.11,0.55,2.19,5.47,64.09,15.95,27.14,7.2
6,137,1,2032,2.94,3.09,7.13,14.99,28.44,18.84,50.47,93.18,1623.28,0.26,0.86,3.29,7.78,71.87,21.31,27.57,5.96
7,144,1,2032,4.58,2.94,8.82,16.03,29.95,25.89,56.16,94.54,1496.77,0.21,0.82,3.68,9.38,81.26,21.13,26.14,7.1
8,151,1,2032,3.43,2.99,10.33,16.78,28.09,38.2,70.95,95.61,1849.94,0.11,0.56,2.64,9.21,90.47,17.76,23.86,8.77
9,158,1,2032,2.92,3.07,11.32,16.28,28.06,45.74,74.09,92.76,1802.52,0.12,0.49,2.79,9.69,100.16,16.74,23.57,8.76
10,165,1,2032,9.15,2.31,12.48,15.74,22.91,55.41,81.06,95.17,1491.88,0.11,0.34,1.42,7.69,107.85,10.43,22.0,9.04
11,172,1,2032,6.22,3.23,12.4,16.71,23.45,49.75,75.12,92.89,1908.36,0.13,0.47,1.51,7.92,115.77,11.05,23.14,9.03
12,179,1,2032,5.56,4.0,11.17,17.0,25.32,38.7,67.0,92.68,2217.33,0.17,0.64,2.17,8.24,124.02,14.15,24.57,8.56
13,186,1,2032,2.88,4.74,14.35,21.06,35.95,28.34,52.89,93.66,2199.88,0.3,1.28,5.28,15.15,139.17,21.6,24.14,9.41
14,193,1,2032,2.85,4.01,13.19,18.76,28.87,42.95,71.35,93.54,2239.91,0.17,0.62,2.53,11.03,150.2,15.68,22.71,9.76
15,200,1,2032,2.64,3.67,14.48,19.53,27.78,46.69,68.79,92.22,2068.87,0.2,0.71,2.12,11.13,161.33,13.3,23.0,9.93
16,207,1,2032,4.73,4.84,13.48,20.15,26.99,35.57,61.28,95.63,2396.71,0.23,0.93,2.52,10.23,171.56,13.51,23.86,9.64
45,50,1,2039,0.96,3.29,17.27,24.31,37.75,18.39,44.42,99.93,1312.18,0.75,1.75,5.45,17.51,17.51,20.48,24.57,10.26
46,57,1,2039,1.53,2.26,14.18,18.86,28.33,51.91,81.16,99.93,1202.24,0.04,0.42,2.18,11.25,28.76,14.15,19.71,10.53
47,64,1,2039,3.0,2.89,17.25,23.19,34.73,31.28,58.25,95.07,1045.83,0.49,1.24,4.29,15.99,44.75,17.48,24.14,10.8
48,71,1,2039,5.19,2.97,16.0,22.72,34.14,19.91,40.47,63.69,1100.05,0.84,1.65,4.23,15.07,59.82,18.14,24.71,9.27
49,78,1,2039,2.26,2.19,11.07,17.75,30.67,35.46,69.87,99.93,1143.96,0.12,0.64,3.33,10.87,70.7,19.6,22.86,9.14
50,85,1,2039,9.82,1.84,8.86,15.09,27.94,44.02,76.29,99.93,1060.65,0.06,0.41,2.8,8.4,79.09,19.08,23.29,8.31
51,92,1,2039,4.01,1.81,5.14,17.73,30.16,10.45,65.97,99.93,996.96,0.42,0.69,3.52,7.65,86.74,25.02,4.57,3.79
52,99,1,2039,4.48,2.57,8.99,16.5,29.3,28.26,55.09,89.11,1130.63,0.29,0.86,3.2,9.14,95.89,20.31,26.43,7.27
1,106,1,2039,3.44,2.02,8.87,15.12,24.58,28.27,58.64,94.54,1025.06,0.26,0.71,2.32,6.73,102.61,15.71,27.2,6.8
2,113,1,2039,1.81,2.37,8.09,15.24,28.34,31.23,63.62,99.72,1304.44,0.17,0.64,3.05,8.22,110.83,20.25,26.0,7.3
3,120,1,2039,4.86,2.54,7.42,14.8,29.37,31.81,61.9,93.92,1350.4,0.18,0.68,3.53,8.4,119.22,21.95,27.29,6.91
4,127,1,2039,2.09,2.54,9.86,16.2,27.83,34.18,71.26,97.67,1396.63,0.1,0.54,3.23,8.85,128.07,17.97,23.71,8.49
5,134,1,2039,2.42,2.7,7.5,14.45,23.45,36.34,67.25,97.62,1475.76,0.11,0.55,2.19,5.47,133.54,15.95,27.14,7.2
6,141,1,2039,5.18,3.09,7.13,14.99,28.44,18.84,50.47,93.18,1623.28,0.26,0.86,3.29,7.78,141.33,21.31,27.57,5.96
7,148,1,2039,2.46,2.94,8.82,16.03,29.95,25.89,56.16,94.54,1496.77,0.21,0.82,3.68,9.38,150.71,21.13,26.14,7.1
8,155,1,2039,3.04,2.99,10.33,16.78,28.09,38.2,70.95,95.61,1849.94,0.11,0.56,2.64,9.21,159.92,17.76,23.86,8.77
9,162,1,2039,5.36,3.07,11.32,16.28,28.06,45.74,74.09,92.76,1802.52,0.12,0.49,2.79,9.69,169.61,16.74,23.57,8.76
10,169,1,2039,3.31,2.31,12.48,15.74,22.91,55.41,81.06,95.17,1491.88,0.11,0.34,1.42,7.69,177.31,10.43,22.0,9.04
11,176,1,2039,4.71,3.23,12.4,16.71,23.45,49.75,75.12,92.89,1908.36,0.13,0.47,1.51,7.92,185.23,11.05,23.14,9.03
12,183,1,2039,5.4,4.0,11.17,17.0,25.32,38.7,67.0,92.68,2217.33,0.17,0.64,2.17,8.24,193.47,14.15,24.57,8.56
13,190,1,2039,2.76,4.74,14.35,21.06,35.95,28.34,52.89,93.66,2199.88,0.3,1.28,5.28,15.15,208.62,21.6,24.14,9.41
14,197,1,2039,3.94,4.01,13.19,18.76,28.87,42.95,71.35,93.54,2239.91,0.17,0.62,2.53,11.03,219.65,15.68,22.71,9.76
15,204,1,2039,4.56,3.67,14.48,19.53,27.78,46.69,68.79,92.22,2068.87,0.2,0.71,2.12,11.13,230.78,13.3,23.0,9.93
16,211,1,2039,2.88,4.84,13.48,20.15,26.99,35.57,61.28,95.63,2396.71,0.23,0.93,2.52,10.23,241.01,13.51,23.86,9.64
45,50,1,2040,1.02,3.29,17.27,24.31,37.75,18.39,44.42,99.93,1312.18,0.75,1.75,5.45,17.51,17.51,20.48,24.57,10.26
46,57,1,2040,1.65,2.26,14.18,18.86,28.33,51.91,81.16,99.93,1202.24,0.04,0.42,2.18,11.25,28.76,14.15,19.71,10.53
47,64,1,2040,2.95,2.89,17.25,23.19,34.73,31.28,58.25,95.07,1045.83,0.49,1.24,4.29,15.99,44.75,17.48,24.14,10.8
48,71,1,2040,4.89,2.97,16.0,22.72,34.14,19.91,40.47,63.69,1100.05,0.84,1.65,4.23,15.07,59.82,18.14,24.71,9.27
49,78,1,2040,5.42,2.19,11.07,17.75,30.67,35.46,69.87,99.93,1143.96,0.12,0.64,3.33,10.87,70.7,19.6,22.86,9.14
50,85,1,2040,6.98,1.84,8.86,15.09,27.94,44.02,76.29,99.93,1060.65,0.06,0.41,2.8,8.4,79.09,19.08,23.29,8.31
51,92,1,2040,4.21,1.81,5.14,17.73,30.16,10.45,65.97,99.93,996.96,0.42,0.69,3.52,7.65,86.74,25.02,4.57,3.79
52,99,1,2040,4.1,2.57,8.99,16.5,29.3,28.26,55.09,89.11,1130.63,0.29,0.86,3.2,9.14,95.89,20.31,26.43,7.27
1,106,1,2040,4.56,2.02,8.87,15.12,24.58,28.27,58.64,94.54,1025.06,0.26,0.71,2.32,6.73,102.61,15.71,27.2,6.8
2,113,1,2040,3.69,2.37,8.09,15.24,28.34,31.23,63.62,99.72,1304.44,0.17,0.64,3.05,8.22,110.83,20.25,26.0,7.3
3,120,1,2040,1.7,2.54,7.42,14.8,29.37,31.81,61.9,93.92,1350.4,0.18,0.68,3.53,8.4,119.22,21.95,27.29,6.91
4,127,1,2040,3.46,2.54,9.86,16.2,27.83,34.18,71.26,97.67,1396.63,0.1,0.54,3.23,8.85,128.07,17.97,23.71,8.49
5,134,1,2040,5.34,2.7,7.5,14.45,23.45,36.34,67.25,97.62,1475.76,0.11,0.55,2.19,5.47,133.54,15.95,27.14,7.2
6,141,1,2040,2.6,3.09,7.13,14.99,28.44,18.84,50.47,93.18,1623.28,0.26,0.86,3.29,7.78,141.33,21.31,27.57,5.96
7,148,1,2040,1.96,2.94,8.82,16.03,29.95,25.89,56.16,94.54,1496.77,0.21,0.82,3.68,9.38,150.71,21.13,26.14,7.1
8,155,1,2040,6.67,2.99,10.33,16.78,28.09,38.2,70.95,95.61,1849.94,0.11,0.56,2.64,9.21,159.92,17.76,23.86,8.77
9,162,1,2040,4.48,3.07,11.32,16.28,28.06,45.74,74.09,92.76,1802.52,0.12,0.49,2.79,9.69,169.61,16.74,23.57,8.76
10,169,1,2040,3.97,2.31,12.48,15.74,22.91,55.41,81.06,95.17,1491.88,0.11,0.34,1.42,7.69,177.31,10.43,22.0,9.04
11,176,1,2040,3.99,3.23,12.4,16.71,23.45,49.75,75.12,92.89,1908.36,0.13,0.47,1.51,7.92,185.23,11.05,23.14,9.03
12,183,1,2040,3.47,4.0,11.17,17.0,25.32,38.7,67.0,92.68,2217.33,0.17,0.64,2.17,8.24,193.47,14.15,24.57,8.56
13,190,1,2040,5.04,4.74,14.35,21.06,35.95,28.34,52.89,93.66,2199.88,0.3,1.28,5.28,15.15,208.62,21.6,24.14,9.41
14,197,1,2040,3.37,4.01,13.19,18.76,28.87,42.95,71.35,93.54,2239.91,0.17,0.62,2.53,11.03,219.65,15.68,22.71,9.76
15,204,1,2040,1.85,3.67,14.48,19.53,27.78,46.69,68.79,92.22,2068.87,0.2,0.71,2.12,11.13,230.78,13.3,23.0,9.93
16,211,1,2040,4.2,4.84,13.48,20.15,26.99,35.57,61.28,95.63,2396.71,0.23,0.93,2.52,10.23,241.01,13.51,23.86,9.64
17,218,1,2040,1.82,3.66,14.23,19.06,27.18,50.57,75.11,95.07,2044.09,0.14,0.55,1.89,10.7,251.72,12.95,21.71,10.19
45,50,1,2041,1.01,3.29,17.27,24.31,37.75,18.39,44.42,99.93,1312.18,0.75,1.75,5.45,17.51,17.51,20.48,24.57,10.26
46,57,1,2041,1.71,2.26,14.18,18.86,28.33,51.91,81.16,99.93,1202.24,0.04,0.42,2.18,11.25,28.76,14.15,19.71,10.53
47,64,1,2041,3.03,2.89,17.25,23.19,34.73,31.28,58.25,95.07,1045.83,0.49,1.24,4.29,15.99,44.75,17.48,24.14,10.8
48,71,1,2041,4.03,2.97,16.0,22.72,34.14,19.91,40.47,63.69,1100.05,0.84,1.65,4.23,15.07,59.82,18.14,24.71,9.27
49,78,1,2041,5.16,2.19,11.07,17.75,30.67,35.46,69.87,99.93,1143.96,0.12,0.64,3.33,10.87,70.7,19.6,22.86,9.14
50,85,1,2041,5.1,1.84,8.86,15.09,27.94,44.02,76.29,99.93,1060.65,0.06,0.41,2.8,8.4,79.09,19.08,23.29,8.31
51,92,1,2041,7.19,1.81,5.14,17.73,30.16,10.45,65.97,99.93,996.96,0.42,0.69,3.52,7.65,86.74,25.02,4.57,3.79
52,99,1,2041,2.98,2.57,8.99,16.5,29.3,28.26,55.09,89.11,1130.63,0.29,0.86,3.2,9.14,95.89,20.31,26.43,7.27
1,106,1,2041,4.51,2.02,8.87,15.12,24.58,28.27,58.64,94.54,1025.06,0.26,0.71,2.32,6.73,102.61,15.71,27.2,6.8
2,113,1,2041,4.45,2.37,8.09,15.24,28.34,31.23,63.62,99.72,1304.44,0.17,0.64,3.05,8.22,110.83,20.25,26.0,7.3
3,120,1,2041,2.01,2.54,7.42,14.8,29.37,31.81,61.9,93.92,1350.4,0.18,0.68,3.53,8.4,119.22,21.95,27.29,6.91
4,127,1,2041,4.66,2.54,9.86,16.2,27.83,34.18,71.26,97.67,1396.63,0.1,0.54,3.23,8.85,128.07,17.97,23.71,8.49
5,134,1,2041,6.41,2.7,7.5,14.45,23.45,36.34,67.25,97.62,1475.76,0.11,0.55,2.19,5.47,133.54,15.95,27.14,7.2
6,141,1,2041,2.55,3.09,7.13,14.99,28.44,18.84,50.47,93.18,1623.28,0.26,0.86,3.29,7.78,141.33,21.31,27.57,5.96
7,148,1,2041,4.38,2.94,8.82,16.03,29.95,25.89,56.16,94.54,1496.77,0.21,0.82,3.68,9.38,150.71,21.13,26.14,7.1
8,155,1,2041,5.26,2.99,10.33,16.78,28.09,38.2,70.95,95.61,1849.94,0.11,0.56,2.64,9.21,159.92,17.76,23.86,8.77
9,162,1,2041,3.23,3.07,11.32,16.28,28.06,45.74,74.09,92.76,1802.52,0.12,0.49,2.79,9.69,169.61,16.74,23.57,8.76
10,169,1,2041,4.11,2.31,12.48,15.74,22.91,55.41,81.06,95.17,1491.88,0.11,0.34,1.42,7.69,177.31,10.43,22.0,9.04
11,176,1,2041,8.64,3.23,12.4,16.71,23.45,49.75,75.12,92.89,1908.36,0.13,0.47,1.51,7.92,185.23,11.05,23.14,9.03
12,183,1,2041,2.61,4.0,11.17,17.0,25.32,38.7,67.0,92.68,2217.33,0.17,0.64,2.17,8.24,193.47,14.15,24.57,8.56
13,190,1,2041,7.07,4.74,14.35,21.06,35.95,28.34,52.89,93.66,2199.88,0.3,1.28,5.28,15.15,208.62,21.6,24.14,9.41
14,197,1,2041,3.1,4.01,13.19,18.76,28.87,42.95,71.35,93.54,2239.91,0.17,0.62,2.53,11.03,219.65,15.68,22.71,9.76
15,204,1,2041,2.35,3.67,14.48,19.53,27.78,46.69,68.79,92.22,2068.87,0.2,0.71,2.12,11.13,230.78,13.3,23.0,9.93
16,211,1,2041,3.24,4.84,13.48,20.15,26.99,35.57,61.28,95.63,2396.71,0.23,0.93,2.52,10.23,241.01,13.51,23.86,9.64
43,46,1,2042,0.56,2.66,14.63,19.89,32.24,59.76,82.08,97.01,1541.99,0.11,0.42,2.94,13.44,13.44,17.61,20.14,11.03
44,53,1,2042,2.88,2.53,11.29,16.67,23.93,62.33,83.43,95.93,1640.45,0.08,0.31,1.26,7.61,21.05,12.64,20.14,9.69
45,60,1,2042,2.5,3.17,13.04,21.74,36.8,25.25,55.65,96.89,1425.38,0.35,1.19,4.82,14.92,35.97,23.76,24.14,9.97
46,67,1,2042,7.64,2.2,11.54,17.19,25.44,59.38,80.28,95.93,1300.47,0.09,0.39,1.6,8.49,44.46,13.9,20.86,9.7
47,74,1,2042,6.59,3.01,14.36,21.79,35.32,33.42,59.59,92.01,1132.4,0.37,1.09,4.28,14.84,59.3,20.96,23.86,10.27
48,81,1,2042,4.03,2.87,11.55,20.17,33.1,23.25,51.7,83.11,1197.4,0.38,1.15,3.89,12.33,71.63,21.55,24.57,8.91
49,88,1,2042,1.3,2.17,7.87,15.64,28.86,45.7,74.59,95.82,1208.93,0.12,0.47,2.86,8.37,79.99,20.99,23.57,8.47
50,95,1,2042,1.52,1.83,6.42,13.73,26.21,50.35,76.09,95.7,1123.16,0.08,0.38,2.31,6.32,86.31,19.79,26.0,7.54
51,102,1,2042,2.0,2.07,9.86,16.17,29.99,51.42,73.94,96.44,1029.7,0.15,0.51,3.27,9.93,96.24,20.13,22.57,8.69
52,109,1,2042,2.35,2.57,8.99,16.5,29.3,28.26,55.09,89.11,1130.63,0.29,0.86,3.2,9.14,105.38,20.31,26.43,7.27
1,116,1,2042,3.31,2.14,5.36,13.01,22.97,42.11,71.44,94.76,1298.73,0.11,0.43,1.85,4.16,109.54,17.61,28.57,6.71
2,123,1,2042,2.2,2.27,5.36,13.45,26.15,44.71,76.54,96.7,1347.46,0.08,0.36,2.28,5.76,115.3,20.79,26.0,7.43
3,130,1,2042,2.78,2.57,4.83,13.1,28.61,46.82,72.19,94.96,1431.13,0.09,0.44,3.09,6.72,122.02,23.78,28.0,6.84
4,137,1,2042,3.34,2.51,7.53,14.63,27.15,55.53,80.03,95.89,1484.65,0.11,0.33,2.57,7.34,129.36,19.62,23.14,8.37
5,144,1,2042,6.0,2.66,6.55,13.96,20.99,53.68,74.57,96.19,1565.08,0.11,0.41,1.45,3.77,133.13,14.44,26.0,7.54
6,151,1,2042,2.13,3.19,3.49,12.71,27.31,35.28,66.22,94.26,1779.36,0.11,0.5,2.82,5.4,138.53,23.82,30.0,6.07
7,158,1,2042,4.75,2.87,5.56,13.83,29.74,41.86,71.37,93.86,1652.3,0.12,0.46,3.11,7.65,146.18,24.18,27.29,7.2
8,165,1,2042,3.29,3.03,9.71,15.53,25.05,61.67,82.0,95.56,1908.26,0.08,0.32,1.71,7.38,153.55,15.34,21.57,9.01
9,172,1,2042,3.55,2.69,11.13,15.5,26.05,66.38,82.64,94.21,1806.0,0.11,0.31,1.9,8.59,162.14,14.92,21.57,9.04
10,179,1,2042,5.25,2.3,12.86,15.71,21.4,72.54,86.79,96.29,1620.54,0.09,0.23,0.78,7.13,169.27,8.54,19.57,9.46
11,186,1,2042,6.51,2.97,12.97,16.41,21.12,68.32,82.35,96.03,2043.27,0.11,0.33,0.91,7.05,176.32,8.15,20.86,9.47
12,193,1,2042,6.05,3.53,11.4,16.14,21.56,61.43,76.22,94.82,2264.33,0.19,0.44,1.09,6.48,182.8,10.16,23.14,8.87
13,200,1,2042,3.91,4.17,13.1,19.26,34.91,47.87,65.61,95.53,2240.83,0.32,0.87,4.66,14.0,196.8,21.81,22.71,9.53
14,207,1,2042,3.43,3.34,13.3,17.74,23.71,66.45,81.55,95.24,2316.93,0.13,0.37,1.05,8.5,205.31,10.41,20.43,10.04
15,214,1,2042,2.81,3.91,14.49,18.55,27.14,58.33,73.97,92.8,2348.06,0.23,0.56,1.94,10.81,216.12,12.65,22.14,9.84
16,221,1,2042,4.21,3.47,13.21,17.57,22.56,70.8,84.31,96.21,2392.07,0.11,0.31,0.99,7.88,224.01,9.35,19.43,10.17
17,228,1,2042,0.72,3.53,13.09,17.3,22.27,65.72,80.4,95.27,2371.7,0.14,0.39,1.1,7.68,231.69,9.18,21.0,9.74
18,235,1,2042,1.72,3.86,13.84,18.32,23.85,66.1,81.11,94.72,2525.6,0.15,0.4,1.11,8.84,240.53,10.01,20.43,10.29
20,242,1,2042,2.44,3.39,15.84,18.94,23.3,75.69,85.78,94.99,2320.97,0.13,0.31,0.8,9.57,250.1,7.46,19.0,10.9
21,249,1,2042,1.07,3.23,16.72,19.66,23.32,75.92,86.08,95.22,2148.56,0.15,0.32,0.73,10.02,260.12,6.6,19.0,11.23
22,256,1,2042,0.13,3.56,17.46,19.84,26.18,71.12,83.43,92.48,2317.56,0.18,0.38,1.26,11.82,271.94,8.72,19.57,11.11
43,46,1,2043,0.54,2.66,14.63,19.89,32.24,59.76,82.08,97.01,1541.99,0.11,0.42,2.94,13.44,13.44,17.61,20.14,11.03
44,53,1,2043,2.56,2.53,11.29,16.67,23.93,62.33,83.43,95.93,1640.45,0.08,0.31,1.26,7.61,21.05,12.64,20.14,9.69
45,60,1,2043,2.71,3.17,13.04,21.74,36.8,25.25,55.65,96.89,1425.38,0.35,1.19,4.82,14.92,35.97,23.76,24.14,9.97
46,67,1,2043,8.93,2.2,11.54,17.19,25.44,59.38,80.28,95.93,1300.47,0.09,0.39,1.6,8.49,44.46,13.9,20.86,9.7
47,74,1,2043,4.63,3.01,14.36,21.79,35.32,33.42,59.59,92.01,1132.4,0.37,1.09,4.28,14.84,59.3,20.96,23.86,10.27
48,81,1,2043,5.43,2.87,11.55,20.17,33.1,23.25,51.7,83.11,1197.4,0.38,1.15,3.89,12.33,71.63,21.55,24.57,8.91
50,88,1,2043,1.08,2.17,7.87,15.64,28.86,45.7,74.59,95.82,1208.93,0.12,0.47,2.86,8.37,79.99,20.99,23.57,8.47
51,95,1,2043,1.62,1.83,6.42,13.73,26.21,50.35,76.09,95.7,1123.16,0.08,0.38,2.31,6.32,86.31,19.79,26.0,7.54
52,102,1,2043,2.41,2.07,9.86,16.17,29.99,51.42,73.94,96.44,1029.7,0.15,0.51,3.27,9.93,96.24,20.13,22.57,8.69
1,109,1,2043,3.08,2.57,8.99,16.5,29.3,28.26,55.09,89.11,1130.63,0.29,0.86,3.2,9.14,105.38,20.31,26.43,7.27
2,116,1,2043,2.48,2.14,5.36,13.01,22.97,42.11,71.44,94.76,1298.73,0.11,0.43,1.85,4.16,109.54,17.61,28.57,6.71
3,123,1,2043,2.55,2.27,5.36,13.45,26.15,44.71,76.54,96.7,1347.46,0.08,0.36,2.28,5.76,115.3,20.79,26.0,7.43
4,130,1,2043,3.17,2.57,4.83,13.1,28.61,46.82,72.19,94.96,1431.13,0.09,0.44,3.09,6.72,122.02,23.78,28.0,6.84
5,137,1,2043,5.93,2.51,7.53,14.63,27.15,55.53,80.03,95.89,1484.65,0.11,0.33,2.57,7.34,129.36,19.62,23.14,8.37
6,144,1,2043,2.72,2.66,6.55,13.96,20.99,53.68,74.57,96.19,1565.08,0.11,0.41,1.45,3.77,133.13,14.44,26.0,7.54
7,151,1,2043,5.12,3.19,3.49,12.71,27.31,35.28,66.22,94.26,1779.36,0.11,0.5,2.82,5.4,138.53,23.82,30.0,6.07
8,158,1,2043,3.24,2.87,5.56,13.83,29.74,41.86,71.37,93.86,1652.3,0.12,0.46,3.11,7.65,146.18,24.18,27.29,7.2
9,165,1,2043,3.85,3.03,9.71,15.53,25.05,61.67,82.0,95.56,1908.26,0.08,0.32,1.71,7.38,153.55,15.34,21.57,9.01
10,172,1,2043,6.2,2.69,11.13,15.5,26.05,66.38,82.64,94.21,1806.0,0.11,0.31,1.9,8.59,162.14,14.92,21.57,9.04
11,179,1,2043,5.6,2.3,12.86,15.71,21.4,72.54,86.79,96.29,1620.54,0.09,0.23,0.78,7.13,169.27,8.54,19.57,9.46
12,186,1,2043,3.62,2.97,12.97,16.41,21.12,68.32,82.35,96.03,2043.27,0.11,0.33,0.91,7.05,176.32,8.15,20.86,9.47
13,193,1,2043,4.99,3.53,11.4,16.14,21.56,61.43,76.22,94.82,2264.33,0.19,0.44,1.09,6.48,182.8,10.16,23.14,8.87
14,200,1,2043,4.23,4.17,13.1,19.26,34.91,47.87,65.61,95.53,2240.83,0.32,0.87,4.66,14.0,196.8,21.81,22.71,9.53
15,207,1,2043,5.01,3.34,13.3,17.74,23.71,66.45,81.55,95.24,2316.93,0.13,0.37,1.05,8.5,205.31,10.41,20.43,10.04
16,214,1,2043,5.5,3.91,14.49,18.55,27.14,58.33,73.97,92.8,2348.06,0.23,0.56,1.94,10.81,216.12,12.65,22.14,9.84
17,221,1,2043,2.37,3.47,13.21,17.57,22.56,70.8,84.31,96.21,2392.07,0.11,0.31,0.99,7.88,224.01,9.35,19.43,10.17
18,228,1,2043,3.58,3.53,13.09,17.3,22.27,65.72,80.4,95.27,2371.7,0.14,0.39,1.1,7.68,231.69,9.18,21.0,9.74
20,235,1,2043,4.15,3.39,15.84,18.94,23.3,75.69,85.78,94.99,2320.97,0.13,0.31,0.8,9.57,241.25,7.46,19.0,10.9
21,242,1,2043,0.94,3.23,16.72,19.66,23.32,75.92,86.08,95.22,2148.56,0.15,0.32,0.73,10.02,251.28,6.6,19.0,11.23
43,46,1,2044,0.46,2.66,14.63,19.89,32.24,59.76,82.08,97.01,1541.99,0.11,0.42,2.94,13.44,13.44,17.61,20.14,11.03
44,53,1,2044,2.27,2.53,11.29,16.67,23.93,62.33,83.43,95.93,1640.45,0.08,0.31,1.26,7.61,21.05,12.64,20.14,9.69
45,60,1,2044,2.31,3.17,13.04,21.74,36.8,25.25,55.65,96.89,1425.38,0.35,1.19,4.82,14.92,35.97,23.76,24.14,9.97
46,67,1,2044,7.86,2.2,11.54,17.19,25.44,59.38,80.28,95.93,1300.47,0.09,0.39,1.6,8.49,44.46,13.9,20.86,9.7
47,74,1,2044,3.9,3.01,14.36,21.79,35.32,33.42,59.59,92.01,1132.4,0.37,1.09,4.28,14.84,59.3,20.96,23.86,10.27
48,81,1,2044,8.16,2.87,11.55,20.17,33.1,23.25,51.7,83.11,1197.4,0.38,1.15,3.89,12.33,71.63,21.55,24.57,8.91
50,88,1,2044,0.99,2.17,7.87,15.64,28.86,45.7,74.59,95.82,1208.93,0.12,0.47,2.86,8.37,79.99,20.99,23.57,8.47
51,95,1,2044,1.57,1.83,6.42,13.73,26.21,50.35,76.09,95.7,1123.16,0.08,0.38,2.31,6.32,86.31,19.79,26.0,7.54
52,102,1,2044,1.99,2.07,9.86,16.17,29.99,51.42,73.94,96.44,1029.7,0.15,0.51,3.27,9.93,96.24,20.13,22.57,8.69
1,109,1,2044,2.94,2.57,8.99,16.5,29.3,28.26,55.09,89.11,1130.63,0.29,0.86,3.2,9.14,105.38,20.31,26.43,7.27
2,116,1,2044,2.43,2.14,5.36,13.01,22.97,42.11,71.44,94.76,1298.73,0.11,0.43,1.85,4.16,109.54,17.61,28.57,6.71
3,123,1,2044,2.42,2.27,5.36,13.45,26.15,44.71,76.54,96.7,1347.46,0.08,0.36,2.28,5.76,115.3,20.79,26.0,7.43
4,130,1,2044,3.66,2.57,4.83,13.1,28.61,46.82,72.19,94.96,1431.13,0.09,0.44,3.09,6.72,122.02,23.78,28.0,6.84
5,137,1,2044,6.43,2.51,7.53,14.63,27.15,55.53,80.03,95.89,1484.65,0.11,0.33,2.57,7.34,129.36,19.62,23.14,8.37
6,144,1,2044,2.58,2.66,6.55,13.96,20.99,53.68,74.57,96.19,1565.08,0.11,0.41,1.45,3.77,133.13,14.44,26.0,7.54
7,151,1,2044,4.92,3.19,3.49,12.71,27.31,35.28,66.22,94.26,1779.36,0.11,0.5,2.82,5.4,138.53,23.82,30.0,6.07
8,158,1,2044,2.39,2.87,5.56,13.83,29.74,41.86,71.37,93.86,1652.3,0.12,0.46,3.11,7.65,146.18,24.18,27.29,7.2
9,165,1,2044,5.34,3.03,9.71,15.53,25.05,61.67,82.0,95.56,1908.26,0.08,0.32,1.71,7.38,153.55,15.34,21.57,9.01
10,172,1,2044,6.9,2.69,11.13,15.5,26.05,66.38,82.64,94.21,1806.0,0.11,0.31,1.9,8.59,162.14,14.92,21.57,9.04
11,179,1,2044,5.17,2.3,12.86,15.71,21.4,72.54,86.79,96.29,1620.54,0.09,0.23,0.78,7.13,169.27,8.54,19.57,9.46
12,186,1,2044,3.4,2.97,12.97,16.41,21.12,68.32,82.35,96.03,2043.27,0.11,0.33,0.91,7.05,176.32,8.15,20.86,9.47
13,193,1,2044,3.86,3.53,11.4,16.14,21.56,61.43,76.22,94.82,2264.33,0.19,0.44,1.09,6.48,182.8,10.16,23.14,8.87
14,200,1,2044,6.57,4.17,13.1,19.26,34.91,47.87,65.61,95.53,2240.83,0.32,0.87,4.66,14.0,196.8,21.81,22.71,9.53
15,207,1,2044,4.38,3.34,13.3,17.74,23.71,66.45,81.55,95.24,2316.93,0.13,0.37,1.05,8.5,205.31,10.41,20.43,10.04
16,214,1,2044,7.39,3.91,14.49,18.55,27.14,58.33,73.97,92.8,2348.06,0.23,0.56,1.94,10.81,216.12,12.65,22.14,9.84
17,221,1,2044,1.42,3.47,13.21,17.57,22.56,70.8,84.31,96.21,2392.07,0.11,0.31,0.99,7.88,224.01,9.35,19.43,10.17
18,228,1,2044,2.06,3.53,13.09,17.3,22.27,65.72,80.4,95.27,2371.7,0.14,0.39,1.1,7.68,231.69,9.18,21.0,9.74
20,235,1,2044,1.77,3.39,15.84,18.94,23.3,75.69,85.78,94.99,2320.97,0.13,0.31,0.8,9.57,241.25,7.46,19.0,10.9
21,242,1,2044,0.22,3.23,16.72,19.66,23.32,75.92,86.08,95.22,2148.56,0.15,0.32,0.73,10.02,251.28,6.6,19.0,11.23
43,45,1,2045,0.41,2.66,14.63,19.89,32.24,59.76,82.08,97.01,1541.99,0.11,0.42,2.94,13.44,13.44,17.61,20.14,11.03
44,52,1,2045,2.31,2.53,11.29,16.67,23.93,62.33,83.43,95.93,1640.45,0.08,0.31,1.26,7.61,21.05,12.64,20.14,9.69
45,59,1,2045,2.81,3.17,13.04,21.74,36.8,25.25,55.65,96.89,1425.38,0.35,1.19,4.82,14.92,35.97,23.76,24.14,9.97
46,66,1,2045,6.51,2.2,11.54,17.19,25.44,59.38,80.28,95.93,1300.47,0.09,0.39,1.6,8.49,44.46,13.9,20.86,9.7
47,73,1,2045,7.08,3.01,14.36,21.79,35.32,33.42,59.59,92.01,1132.4,0.37,1.09,4.28,14.84,59.3,20.96,23.86,10.27
48,80,1,2045,4.22,2.87,11.55,20.17,33.1,23.25,51.7,83.11,1197.4,0.38,1.15,3.89,12.33,71.63,21.55,24.57,8.91
49,87,1,2045,4.52,2.17,7.87,15.64,28.86,45.7,74.59,95.82,1208.93,0.12,0.47,2.86,8.37,79.99,20.99,23.57,8.47
50,94,1,2045,1.57,1.83,6.42,13.73,26.21,50.35,76.09,95.7,1123.16,0.08,0.38,2.31,6.32,86.31,19.79,26.0,7.54
51,101,1,2045,1.78,2.07,9.86,16.17,29.99,51.42,73.94,96.44,1029.7,0.15,0.51,3.27,9.93,96.24,20.13,22.57,8.69
52,108,1,2045,1.93,2.57,8.99,16.5,29.3,28.26,55.09,89.11,1130.63,0.29,0.86,3.2,9.14,105.38,20.31,26.43,7.27
1,115,1,2045,3.42,2.14,5.36,13.01,22.97,42.11,71.44,94.76,1298.73,0.11,0.43,1.85,4.16,109.54,17.61,28.57,6.71
2,122,1,2045,2.38,2.27,5.36,13.45,26.15,44.71,76.54,96.7,1347.46,0.08,0.36,2.28,5.76,115.3,20.79,26.0,7.43
3,129,1,2045,2.83,2.57,4.83,13.1,28.61,46.82,72.19,94.96,1431.13,0.09,0.44,3.09,6.72,122.02,23.78,28.0,6.84
4,136,1,2045,2.61,2.51,7.53,14.63,27.15,55.53,80.03,95.89,1484.65,0.11,0.33,2.57,7.34,129.36,19.62,23.14,8.37
5,143,1,2045,6.12,2.66,6.55,13.96,20.99,53.68,74.57,96.19,1565.08,0.11,0.41,1.45,3.77,133.13,14.44,26.0,7.54
6,150,1,2045,2.37,3.19,3.49,12.71,27.31,35.28,66.22,94.26,1779.36,0.11,0.5,2.82,5.4,138.53,23.82,30.0,6.07
7,157,1,2045,5.0,2.87,5.56,13.83,29.74,41.86,71.37,93.86,1652.3,0.12,0.46,3.11,7.65,146.18,24.18,27.29,7.2
8,164,1,2045,3.27,3.03,9.71,15.53,25.05,61.67,82.0,95.56,1908.26,0.08,0.32,1.71,7.38,153.55,15.34,21.57,9.01
9,171,1,2045,3.86,2.69,11.13,15.5,26.05,66.38,82.64,94.21,1806.0,0.11,0.31,1.9,8.59,162.14,14.92,21.57,9.04
10,178,1,2045,6.68,2.3,12.86,15.71,21.4,72.54,86.79,96.29,1620.54,0.09,0.23,0.78,7.13,169.27,8.54,19.57,9.46
11,185,1,2045,6.43,2.97,12.97,16.41,21.12,68.32,82.35,96.03,2043.27,0.11,0.33,0.91,7.05,176.32,8.15,20.86,9.47
12,192,1,2045,5.07,3.53,11.4,16.14,21.56,61.43,76.22,94.82,2264.33,0.19,0.44,1.09,6.48,182.8,10.16,23.14,8.87
13,199,1,2045,3.12,4.17,13.1,19.26,34.91,47.87,65.61,95.53,2240.83,0.32,0.87,4.66,14.0,196.8,21.81,22.71,9.53
14,206,1,2045,3.43,3.34,13.3,17.74,23.71,66.45,81.55,95.24,2316.93,0.13,0.37,1.05,8.5,205.31,10.41,20.43,10.04
15,213,1,2045,3.95,3.91,14.49,18.55,27.14,58.33,73.97,92.8,2348.06,0.23,0.56,1.94,10.81,216.12,12.65,22.14,9.84
16,220,1,2045,5.73,3.47,13.21,17.57,22.56,70.8,84.31,96.21,2392.07,0.11,0.31,0.99,7.88,224.01,9.35,19.43,10.17
17,227,1,2045,1.01,3.53,13.09,17.3,22.27,65.72,80.4,95.27,2371.7,0.14,0.39,1.1,7.68,231.69,9.18,21.0,9.74
18,234,1,2045,1.86,3.86,13.84,18.32,23.85,66.1,81.11,94.72,2525.6,0.15,0.4,1.11,8.84,240.53,10.01,20.43,10.29
19,241,1,2045,1.34,3.96,14.77,18.41,22.76,68.0,81.35,95.21,2555.86,0.16,0.4,1.02,8.77,249.3,7.99,20.0,10.34
20,248,1,2045,2.68,3.39,15.84,18.94,23.3,75.69,85.78,94.99,2320.97,0.13,0.31,0.8,9.57,258.86,7.46,19.0,10.9
21,255,1,2045,2.33,3.23,16.72,19.66,23.32,75.92,86.08,95.22,2148.56,0.15,0.32,0.73,10.02,268.89,6.6,19.0,11.23
22,262,1,2045,0.37,3.56,17.46,19.84,26.18,71.12,83.43,92.48,2317.56,0.18,0.38,1.26,11.82,280.71,8.72,19.57,11.11
43,45,1,2046,0.26,2.66,14.63,19.89,32.24,59.76,82.08,97.01,1541.99,0.11,0.42,2.94,13.44,13.44,17.61,20.14,11.03
44,52,1,2046,1.55,2.53,11.29,16.67,23.93,62.33,83.43,95.93,1640.45,0.08,0.31,1.26,7.61,21.05,12.64,20.14,9.69
45,59,1,2046,2.13,3.17,13.04,21.74,36.8,25.25,55.65,96.89,1425.38,0.35,1.19,4.82,14.92,35.97,23.76,24.14,9.97
46,66,1,2046,6.44,2.2,11.54,17.19,25.44,59.38,80.28,95.93,1300.47,0.09,0.39,1.6,8.49,44.46,13.9,20.86,9.7
47,73,1,2046,8.84,3.01,14.36,21.79,35.32,33.42,59.59,92.01,1132.4,0.37,1.09,4.28,14.84,59.3,20.96,23.86,10.27
48,80,1,2046,2.88,2.87,11.55,20.17,33.1,23.25,51.7,83.11,1197.4,0.38,1.15,3.89,12.33,71.63,21.55,24.57,8.91
49,87,1,2046,0.55,2.17,7.87,15.64,28.86,45.7,74.59,95.82,1208.93,0.12,0.47,2.86,8.37,79.99,20.99,23.57,8.47
50,94,1,2046,2.55,1.83,6.42,13.73,26.21,50.35,76.09,95.7,1123.16,0.08,0.38,2.31,6.32,86.31,19.79,26.0,7.54
51,101,1,2046,3.01,2.07,9.86,16.17,29.99,51.42,73.94,96.44,1029.7,0.15,0.51,3.27,9.93,96.24,20.13,22.57,8.69
52,108,1,2046,1.69,2.57,8.99,16.5,29.3,28.26,55.09,89.11,1130.63,0.29,0.86,3.2,9.14,105.38,20.31,26.43,7.27
1,115,1,2046,2.98,2.14,5.36,13.01,22.97,42.11,71.44,94.76,1298.73,0.11,0.43,1.85,4.16,109.54,17.61,28.57,6.71
2,122,1,2046,2.61,2.27,5.36,13.45,26.15,44.71,76.54,96.7,1347.46,0.08,0.36,2.28,5.76,115.3,20.79,26.0,7.43
3,129,1,2046,2.34,2.57,4.83,13.1,28.61,46.82,72.19,94.96,1431.13,0.09,0.44,3.09,6.72,122.02,23.78,28.0,6.84
4,136,1,2046,2.84,2.51,7.53,14.63,27.15,55.53,80.03,95.89,1484.65,0.11,0.33,2.57,7.34,129.36,19.62,23.14,8.37
5,143,1,2046,5.22,2.66,6.55,13.96,20.99,53.68,74.57,96.19,1565.08,0.11,0.41,1.45,3.77,133.13,14.44,26.0,7.54
6,150,1,2046,3.01,3.19,3.49,12.71,27.31,35.28,66.22,94.26,1779.36,0.11,0.5,2.82,5.4,138.53,23.82,30.0,6.07
7,157,1,2046,2.02,2.87,5.56,13.83,29.74,41.86,71.37,93.86,1652.3,0.12,0.46,3.11,7.65,146.18,24.18,27.29,7.2
8,164,1,2046,6.14,3.03,9.71,15.53,25.05,61.67,82.0,95.56,1908.26,0.08,0.32,1.71,7.38,153.55,15.34,21.57,9.01
9,171,1,2046,4.77,2.69,11.13,15.5,26.05,66.38,82.64,94.21,1806.0,0.11,0.31,1.9,8.59,162.14,14.92,21.57,9.04
10,178,1,2046,5.1,2.3,12.86,15.71,21.4,72.54,86.79,96.29,1620.54,0.09,0.23,0.78,7.13,169.27,8.54,19.57,9.46
11,185,1,2046,7.18,2.97,12.97,16.41,21.12,68.32,82.35,96.03,2043.27,0.11,0.33,0.91,7.05,176.32,8.15,20.86,9.47
12,192,1,2046,3.2,3.53,11.4,16.14,21.56,61.43,76.22,94.82,2264.33,0.19,0.44,1.09,6.48,182.8,10.16,23.14,8.87
13,199,1,2046,4.76,4.17,13.1,19.26,34.91,47.87,65.61,95.53,2240.83,0.32,0.87,4.66,14.0,196.8,21.81,22.71,9.53
14,206,1,2046,4.24,3.34,13.3,17.74,23.71,66.45,81.55,95.24,2316.93,0.13,0.37,1.05,8.5,205.31,10.41,20.43,10.04
15,213,1,2046,4.09,3.91,14.49,18.55,27.14,58.33,73.97,92.8,2348.06,0.23,0.56,1.94,10.81,216.12,12.65,22.14,9.84
16,220,1,2046,6.1,3.47,13.21,17.57,22.56,70.8,84.31,96.21,2392.07,0.11,0.31,0.99,7.88,224.01,9.35,19.43,10.17
17,227,1,2046,1.19,3.53,13.09,17.3,22.27,65.72,80.4,95.27,2371.7,0.14,0.39,1.1,7.68,231.69,9.18,21.0,9.74
18,234,1,2046,1.82,3.86,13.84,18.32,23.85,66.1,81.11,94.72,2525.6,0.15,0.4,1.11,8.84,240.53,10.01,20.43,10.29
19,241,1,2046,2.51,3.96,14.77,18.41,22.76,68.0,81.35,95.21,2555.86,0.16,0.4,1.02,8.77,249.3,7.99,20.0,10.34
20,248,1,2046,2.9,3.39,15.84,18.94,23.3,75.69,85.78,94.99,2320.97,0.13,0.31,0.8,9.57,258.86,7.46,19.0,10.9
21,255,1,2046,2.4,3.23,16.72,19.66,23.32,75.92,86.08,95.22,2148.56,0.15,0.32,0.73,10.02,268.89,6.6,19.0,11.23
22,262,1,2046,1.0,3.56,17.46,19.84,26.18,71.12,83.43,92.48,2317.56,0.18,0.38,1.26,11.82,280.71,8.72,19.57,11.11
41,60,1,2047,0.27,2.47,17.45,21.07,28.48,73.27,86.37,96.09,1400.88,0.11,0.34,1.32,12.97,12.97,11.03,19.57,11.84
42,67,1,2047,1.69,2.94,16.32,20.49,27.85,66.98,84.77,96.75,1653.68,0.1,0.38,1.52,12.09,25.06,11.53,19.71,11.49
43,74,1,2047,3.48,2.66,14.63,19.89,32.24,59.76,82.08,97.01,1541.99,0.11,0.42,2.94,13.44,38.49,17.61,20.14,11.03
44,81,1,2047,4.79,2.53,11.29,16.67,23.93,62.33,83.43,95.93,1640.45,0.08,0.31,1.26,7.61,46.1,12.64,20.14,9.69
45,88,1,2047,6.9,3.17,13.04,21.74,36.8,25.25,55.65,96.89,1425.38,0.35,1.19,4.82,14.92,61.02,23.76,24.14,9.97
46,95,1,2047,9.08,2.2,11.54,17.19,25.44,59.38,80.28,95.93,1300.47,0.09,0.39,1.6,8.49,69.51,13.9,20.86,9.7
47,102,1,2047,2.92,3.01,14.36,21.79,35.32,33.42,59.59,92.01,1132.4,0.37,1.09,4.28,14.84,84.35,20.96,23.86,10.27
48,109,1,2047,2.79,2.87,11.55,20.17,33.1,23.25,51.7,83.11,1197.4,0.38,1.15,3.89,12.33,96.68,21.55,24.57,8.91
49,116,1,2047,0.35,2.17,7.87,15.64,28.86,45.7,74.59,95.82,1208.93,0.12,0.47,2.86,8.37,105.04,20.99,23.57,8.47
50,123,1,2047,0.65,1.83,6.42,13.73,26.21,50.35,76.09,95.7,1123.16,0.08,0.38,2.31,6.32,111.36,19.79,26.0,7.54
51,130,1,2047,1.84,2.07,9.86,16.17,29.99,51.42,73.94,96.44,1029.7,0.15,0.51,3.27,9.93,121.29,20.13,22.57,8.69
52,137,1,2047,1.4,2.57,8.99,16.5,29.3,28.26,55.09,89.11,1130.63,0.29,0.86,3.2,9.14,130.43,20.31,26.43,7.27
1,144,1,2047,1.44,2.14,5.36,13.01,22.97,42.11,71.44,94.76,1298.73,0.11,0.43,1.85,4.16,134.59,17.61,28.57,6.71
2,151,1,2047,3.07,2.27,5.36,13.45,26.15,44.71,76.54,96.7,1347.46,0.08,0.36,2.28,5.76,140.35,20.79,26.0,7.43
3,158,1,2047,1.21,2.57,4.83,13.1,28.61,46.82,72.19,94.96,1431.13,0.09,0.44,3.09,6.72,147.07,23.78,28.0,6.84
4,165,1,2047,2.16,2.51,7.53,14.63,27.15,55.53,80.03,95.89,1484.65,0.11,0.33,2.57,7.34,154.41,19.62,23.14,8.37
5,172,1,2047,4.35,2.66,6.55,13.96,20.99,53.68,74.57,96.19,1565.08,0.11,0.41,1.45,3.77,158.18,14.44,26.0,7.54
6,179,1,2047,2.15,3.19,3.49,12.71,27.31,35.28,66.22,94.26,1779.36,0.11,0.5,2.82,5.4,163.58,23.82,30.0,6.07
7,186,1,2047,1.56,2.87,5.56,13.83,29.74,41.86,71.37,93.86,1652.3,0.12,0.46,3.11,7.65,171.23,24.18,27.29,7.2
8,193,1,2047,3.22,3.03,9.71,15.53,25.05,61.67,82.0,95.56,1908.26,0.08,0.32,1.71,7.38,178.6,15.34,21.57,9.01
9,200,1,2047,3.72,2.69,11.13,15.5,26.05,66.38,82.64,94.21,1806.0,0.11,0.31,1.9,8.59,187.19,14.92,21.57,9.04
10,207,1,2047,1.94,2.3,12.86,15.71,21.4,72.54,86.79,96.29,1620.54,0.09,0.23,0.78,7.13,194.32,8.54,19.57,9.46
11,214,1,2047,3.41,2.97,12.97,16.41,21.12,68.32,82.35,96.03,2043.27,0.11,0.33,0.91,7.05,201.37,8.15,20.86,9.47
12,221,1,2047,2.69,3.53,11.4,16.14,21.56,61.43,76.22,94.82,2264.33,0.19,0.44,1.09,6.48,207.85,10.16,23.14,8.87
14,228,1,2047,1.36,3.34,13.3,17.74,23.71,66.45,81.55,95.24,2316.93,0.13,0.37,1.05,8.5,216.36,10.41,20.43,10.04
15,235,1,2047,3.35,3.91,14.49,18.55,27.14,58.33,73.97,92.8,2348.06,0.23,0.56,1.94,10.81,227.17,12.65,22.14,9.84
16,242,1,2047,0.93,3.47,13.21,17.57,22.56,70.8,84.31,96.21,2392.07,0.11,0.31,0.99,7.88,235.05,9.35,19.43,10.17
41,45,1,2048,0.06,2.47,17.45,21.07,28.48,73.27,86.37,96.09,1400.88,0.11,0.34,1.32,12.97,12.97,11.03,19.57,11.84
42,52,1,2048,1.46,2.94,16.32,20.49,27.85,66.98,84.77,96.75,1653.68,0.1,0.38,1.52,12.09,25.05,11.53,19.71,11.49
43,59,1,2048,3.57,2.66,14.63,19.89,32.24,59.76,82.08,97.01,1541.99,0.11,0.42,2.94,13.44,38.49,17.61,20.14,11.03
44,66,1,2048,4.26,2.53,11.29,16.67,23.93,62.33,83.43,95.93,1640.45,0.08,0.31,1.26,7.61,46.1,12.64,20.14,9.69
45,73,1,2048,6.9,3.17,13.04,21.74,36.8,25.25,55.65,96.89,1425.38,0.35,1.19,4.82,14.92,61.02,23.76,24.14,9.97
46,80,1,2048,9.49,2.2,11.54,17.19,25.44,59.38,80.28,95.93,1300.47,0.09,0.39,1.6,8.49,69.5,13.9,20.86,9.7
47,87,1,2048,7.08,3.01,14.36,21.79,35.32,33.42,59.59,92.01,1132.4,0.37,1.09,4.28,14.84,84.35,20.96,23.86,10.27
48,94,1,2048,0.85,2.87,11.55,20.17,33.1,23.25,51.7,83.11,1197.4,0.38,1.15,3.89,12.33,96.67,21.55,24.57,8.91
49,101,1,2048,0.27,2.17,7.87,15.64,28.86,45.7,74.59,95.82,1208.93,0.12,0.47,2.86,8.37,105.04,20.99,23.57,8.47
50,108,1,2048,0.36,1.83,6.42,13.73,26.21,50.35,76.09,95.7,1123.16,0.08,0.38,2.31,6.32,111.36,19.79,26.0,7.54
51,115,1,2048,1.71,2.07,9.86,16.17,29.99,51.42,73.94,96.44,1029.7,0.15,0.51,3.27,9.93,121.28,20.13,22.57,8.69
52,122,1,2048,1.6,2.57,8.99,16.5,29.3,28.26,55.09,89.11,1130.63,0.29,0.86,3.2,9.14,130.42,20.31,26.43,7.27
1,129,1,2048,1.66,2.14,5.36,13.01,22.97,42.11,71.44,94.76,1298.73,0.11,0.43,1.85,4.16,134.59,17.61,28.57,6.71
2,136,1,2048,3.98,2.27,5.36,13.45,26.15,44.71,76.54,96.7,1347.46,0.08,0.36,2.28,5.76,140.34,20.79,26.0,7.43
3,143,1,2048,1.45,2.57,4.83,13.1,28.61,46.82,72.19,94.96,1431.13,0.09,0.44,3.09,6.72,147.07,23.78,28.0,6.84
4,150,1,2048,2.23,2.51,7.53,14.63,27.15,55.53,80.03,95.89,1484.65,0.11,0.33,2.57,7.34,154.4,19.62,23.14,8.37
5,157,1,2048,6.7,2.66,6.55,13.96,20.99,53.68,74.57,96.19,1565.08,0.11,0.41,1.45,3.77,158.17,14.44,26.0,7.54
6,164,1,2048,3.48,3.19,3.49,12.71,27.31,35.28,66.22,94.26,1779.36,0.11,0.5,2.82,5.4,163.57,23.82,30.0,6.07
7,171,1,2048,2.2,2.87,5.56,13.83,29.74,41.86,71.37,93.86,1652.3,0.12,0.46,3.11,7.65,171.22,24.18,27.29,7.2
8,178,1,2048,3.62,3.03,9.71,15.53,25.05,61.67,82.0,95.56,1908.26,0.08,0.32,1.71,7.38,178.6,15.34,21.57,9.01
9,185,1,2048,4.87,2.69,11.13,15.5,26.05,66.38,82.64,94.21,1806.0,0.11,0.31,1.9,8.59,187.19,14.92,21.57,9.04
10,192,1,2048,3.87,2.3,12.86,15.71,21.4,72.54,86.79,96.29,1620.54,0.09,0.23,0.78,7.13,194.32,8.54,19.57,9.46
11,199,1,2048,6.45,2.97,12.97,16.41,21.12,68.32,82.35,96.03,2043.27,0.11,0.33,0.91,7.05,201.37,8.15,20.86,9.47
12,206,1,2048,2.62,3.53,11.4,16.14,21.56,61.43,76.22,94.82,2264.33,0.19,0.44,1.09,6.48,207.85,10.16,23.14,8.87
13,213,1,2048,4.19,4.17,13.1,19.26,34.91,47.87,65.61,95.53,2240.83,0.32,0.87,4.66,14.0,221.85,21.81,22.71,9.53
14,220,1,2048,4.38,3.34,13.3,17.74,23.71,66.45,81.55,95.24,2316.93,0.13,0.37,1.05,8.5,230.35,10.41,20.43,10.04
15,227,1,2048,3.74,3.91,14.49,18.55,27.14,58.33,73.97,92.8,2348.06,0.23,0.56,1.94,10.81,241.17,12.65,22.14,9.84
16,234,1,2048,2.93,3.47,13.21,17.57,22.56,70.8,84.31,96.21,2392.07,0.11,0.31,0.99,7.88,249.05,9.35,19.43,10.17
41,45,1,2049,0.06,2.47,17.45,21.07,28.48,73.27,86.37,96.09,1400.88,0.11,0.34,1.32,12.97,12.97,11.03,19.57,11.84
42,52,1,2049,1.38,2.94,16.32,20.49,27.85,66.98,84.77,96.75,1653.68,0.1,0.38,1.52,12.09,25.06,11.53,19.71,11.49
43,59,1,2049,3.75,2.66,14.63,19.89,32.24,59.76,82.08,97.01,1541.99,0.11,0.42,2.94,13.44,38.49,17.61,20.14,11.03
44,66,1,2049,3.73,2.53,11.29,16.67,23.93,62.33,83.43,95.93,1640.45,0.08,0.31,1.26,7.61,46.1,12.64,20.14,9.69
45,73,1,2049,6.96,3.17,13.04,21.74,36.8,25.25,55.65,96.89,1425.38,0.35,1.19,4.82,14.92,61.02,23.76,24.14,9.97
46,80,1,2049,6.66,2.2,11.54,17.19,25.44,59.38,80.28,95.93,1300.47,0.09,0.39,1.6,8.49,69.51,13.9,20.86,9.7
47,87,1,2049,8.62,3.01,14.36,21.79,35.32,33.42,59.59,92.01,1132.4,0.37,1.09,4.28,14.84,84.35,20.96,23.86,10.27
48,94,1,2049,2.26,2.87,11.55,20.17,33.1,23.25,51.7,83.11,1197.4,0.38,1.15,3.89,12.33,96.68,21.55,24.57,8.91
49,101,1,2049,0.27,2.17,7.87,15.64,28.86,45.7,74.59,95.82,1208.93,0.12,0.47,2.86,8.37,105.04,20.99,23.57,8.47
50,108,1,2049,0.3,1.83,6.42,13.73,26.21,50.35,76.09,95.7,1123.16,0.08,0.38,2.31,6.32,111.36,19.79,26.0,7.54
51,115,1,2049,1.99,2.07,9.86,16.17,29.99,51.42,73.94,96.44,1029.7,0.15,0.51,3.27,9.93,121.29,20.13,22.57,8.69
52,122,1,2049,1.62,2.57,8.99,16.5,29.3,28.26,55.09,89.11,1130.63,0.29,0.86,3.2,9.14,130.43,20.31,26.43,7.27
1,129,1,2049,1.91,2.14,5.36,13.01,22.97,42.11,71.44,94.76,1298.73,0.11,0.43,1.85,4.16,134.59,17.61,28.57,6.71
2,136,1,2049,4.54,2.27,5.36,13.45,26.15,44.71,76.54,96.7,1347.46,0.08,0.36,2.28,5.76,140.35,20.79,26.0,7.43
3,143,1,2049,1.54,2.57,4.83,13.1,28.61,46.82,72.19,94.96,1431.13,0.09,0.44,3.09,6.72,147.07,23.78,28.0,6.84
4,150,1,2049,2.01,2.51,7.53,14.63,27.15,55.53,80.03,95.89,1484.65,0.11,0.33,2.57,7.34,154.41,19.62,23.14,8.37
5,157,1,2049,6.96,2.66,6.55,13.96,20.99,53.68,74.57,96.19,1565.08,0.11,0.41,1.45,3.77,158.18,14.44,26.0,7.54
6,164,1,2049,3.53,3.19,3.49,12.71,27.31,35.28,66.22,94.26,1779.36,0.11,0.5,2.82,5.4,163.58,23.82,30.0,6.07
7,171,1,2049,2.08,2.87,5.56,13.83,29.74,41.86,71.37,93.86,1652.3,0.12,0.46,3.11,7.65,171.23,24.18,27.29,7.2
8,178,1,2049,3.74,3.03,9.71,15.53,25.05,61.67,82.0,95.56,1908.26,0.08,0.32,1.71,7.38,178.6,15.34,21.57,9.01
9,185,1,2049,5.55,2.69,11.13,15.5,26.05,66.38,82.64,94.21,1806.0,0.11,0.31,1.9,8.59,187.19,14.92,21.57,9.04
10,192,1,2049,4.56,2.3,12.86,15.71,21.4,72.54,86.79,96.29,1620.54,0.09,0.23,0.78,7.13,194.32,8.54,19.57,9.46
11,199,1,2049,7.41,2.97,12.97,16.41,21.12,68.32,82.35,96.03,2043.27,0.11,0.33,0.91,7.05,201.37,8.15,20.86,9.47
12,206,1,2049,4.64,3.53,11.4,16.14,21.56,61.43,76.22,94.82,2264.33,0.19,0.44,1.09,6.48,207.85,10.16,23.14,8.87
13,213,1,2049,5.04,4.17,13.1,19.26,34.91,47.87,65.61,95.53,2240.83,0.32,0.87,4.66,14.0,221.85,21.81,22.71,9.53
14,220,1,2049,5.99,3.34,13.3,17.74,23.71,66.45,81.55,95.24,2316.93,0.13,0.37,1.05,8.5,230.36,10.41,20.43,10.04
15,227,1,2049,4.86,3.91,14.49,18.55,27.14,58.33,73.97,92.8,2348.06,0.23,0.56,1.94,10.81,241.17,12.65,22.14,9.84
16,234,1,2049,5.0,3.47,13.21,17.57,22.56,70.8,84.31,96.21,2392.07,0.11,0.31,0.99,7.88,249.06,9.35,19.43,10.17
46,50,1,2050,1.36,2.2,11.54,17.19,25.44,59.38,80.28,95.93,1300.47,0.09,0.39,1.6,8.49,8.49,13.9,20.86,9.7
47,57,1,2050,2.76,3.01,14.36,21.79,35.32,33.42,59.59,92.01,1132.4,0.37,1.09,4.28,14.84,23.33,20.96,23.86,10.27
48,64,1,2050,5.45,2.87,11.55,20.17,33.1,23.25,51.7,83.11,1197.4,0.38,1.15,3.89,12.33,35.66,21.55,24.57,8.91
49,71,1,2050,3.29,2.17,7.87,15.64,28.86,45.7,74.59,95.82,1208.93,0.12,0.47,2.86,8.37,44.03,20.99,23.57,8.47
50,78,1,2050,8.66,1.83,6.42,13.73,26.21,50.35,76.09,95.7,1123.16,0.08,0.38,2.31,6.32,50.34,19.79,26.0,7.54
51,85,1,2050,4.53,2.07,9.86,16.17,29.99,51.42,73.94,96.44,1029.7,0.15,0.51,3.27,9.93,60.27,20.13,22.57,8.69
52,92,1,2050,3.91,2.57,8.99,16.5,29.3,28.26,55.09,89.11,1130.63,0.29,0.86,3.2,9.14,69.41,20.31,26.43,7.27
1,99,1,2050,4.05,2.14,5.36,13.01,22.97,42.11,71.44,94.76,1298.73,0.11,0.43,1.85,4.16,73.57,17.61,28.57,6.71
2,106,1,2050,4.51,2.27,5.36,13.45,26.15,44.71,76.54,96.7,1347.46,0.08,0.36,2.28,5.76,79.33,20.79,26.0,7.43
3,113,1,2050,5.73,2.57,4.83,13.1,28.61,46.82,72.19,94.96,1431.13,0.09,0.44,3.09,6.72,86.05,23.78,28.0,6.84
4,120,1,2050,5.03,2.51,7.53,14.63,27.15,55.53,80.03,95.89,1484.65,0.11,0.33,2.57,7.34,93.39,19.62,23.14,8.37
5,127,1,2050,5.62,2.66,6.55,13.96,20.99,53.68,74.57,96.19,1565.08,0.11,0.41,1.45,3.77,97.16,14.44,26.0,7.54
6,134,1,2050,5.11,3.19,3.49,12.71,27.31,35.28,66.22,94.26,1779.36,0.11,0.5,2.82,5.4,102.56,23.82,30.0,6.07
7,141,1,2050,5.71,2.87,5.56,13.83,29.74,41.86,71.37,93.86,1652.3,0.12,0.46,3.11,7.65,110.21,24.18,27.29,7.2
8,148,1,2050,5.21,3.03,9.71,15.53,25.05,61.67,82.0,95.56,1908.26,0.08,0.32,1.71,7.38,117.59,15.34,21.57,9.01
9,155,1,2050,7.19,2.69,11.13,15.5,26.05,66.38,82.64,94.21,1806.0,0.11,0.31,1.9,8.59,126.17,14.92,21.57,9.04
10,162,1,2050,4.1,2.3,12.86,15.71,21.4,72.54,86.79,96.29,1620.54,0.09,0.23,0.78,7.13,133.3,8.54,19.57,9.46
11,169,1,2050,6.41,2.97,12.97,16.41,21.12,68.32,82.35,96.03,2043.27,0.11,0.33,0.91,7.05,140.35,8.15,20.86,9.47
12,176,1,2050,6.25,3.53,11.4,16.14,21.56,61.43,76.22,94.82,2264.33,0.19,0.44,1.09,6.48,146.83,10.16,23.14,8.87
13,183,1,2050,5.6,4.17,13.1,19.26,34.91,47.87,65.61,95.53,2240.83,0.32,0.87,4.66,14.0,160.84,21.81,22.71,9.53
14,190,1,2050,2.74,3.34,13.3,17.74,23.71,66.45,81.55,95.24,2316.93,0.13,0.37,1.05,8.5,169.34,10.41,20.43,10.04
15,197,1,2050,5.25,3.91,14.49,18.55,27.14,58.33,73.97,92.8,2348.06,0.23,0.56,1.94,10.81,180.15,12.65,22.14,9.84
16,204,1,2050,4.65,3.47,13.21,17.57,22.56,70.8,84.31,96.21,2392.07,0.11,0.31,0.99,7.88,188.04,9.35,19.43,10.17
17,211,1,2050,2.9,3.53,13.09,17.3,22.27,65.72,80.4,95.27,2371.7,0.14,0.39,1.1,7.68,195.72,9.18,21.0,9.74
18,218,1,2050,4.7,3.86,13.84,18.32,23.85,66.1,81.11,94.72,2525.6,0.15,0.4,1.11,8.84,204.56,10.01,20.43,10.29
19,225,1,2050,2.33,3.96,14.77,18.41,22.76,68.0,81.35,95.21,2555.86,0.16,0.4,1.02,8.77,213.33,7.99,20.0,10.34
20,232,1,2050,3.89,3.39,15.84,18.94,23.3,75.69,85.78,94.99,2320.97,0.13,0.31,0.8,9.57,222.9,7.46,19.0,10.9
21,239,1,2050,2.7,3.23,16.72,19.66,23.32,75.92,86.08,95.22,2148.56,0.15,0.32,0.73,10.02,232.92,6.6,19.0,11.23
22,246,1,2050,2.99,3.56,17.46,19.84,26.18,71.12,83.43,92.48,2317.56,0.18,0.38,1.26,11.82,244.74,8.72,19.57,11.11
23,253,1,2050,0.85,3.29,17.45,20.02,23.92,76.24,85.2,95.28,2218.67,0.16,0.35,0.75,10.69,255.42,6.47,19.29,11.31
46,50,1,2051,0.96,2.2,11.54,17.19,25.44,59.38,80.28,95.93,1300.47,0.09,0.39,1.6,8.49,8.49,13.9,20.86,9.7
47,57,1,2051,3.23,3.01,14.36,21.79,35.32,33.42,59.59,92.01,1132.4,0.37,1.09,4.28,14.84,23.33,20.96,23.86,10.27
48,64,1,2051,5.79,2.87,11.55,20.17,33.1,23.25,51.7,83.11,1197.4,0.38,1.15,3.89,12.33,35.66,21.55,24.57,8.91
49,71,1,2051,2.77,2.17,7.87,15.64,28.86,45.7,74.59,95.82,1208.93,0.12,0.47,2.86,8.37,44.03,20.99,23.57,8.47
50,78,1,2051,8.83,1.83,6.42,13.73,26.21,50.35,76.09,95.7,1123.16,0.08,0.38,2.31,6.32,50.34,19.79,26.0,7.54
51,85,1,2051,4.8,2.07,9.86,16.17,29.99,51.42,73.94,96.44,1029.7,0.15,0.51,3.27,9.93,60.27,20.13,22.57,8.69
52,92,1,2051,3.5,2.57,8.99,16.5,29.3,28.26,55.09,89.11,1130.63,0.29,0.86,3.2,9.14,69.41,20.31,26.43,7.27
1,99,1,2051,3.8,2.14,5.36,13.01,22.97,42.11,71.44,94.76,1298.73,0.11,0.43,1.85,4.16,73.57,17.61,28.57,6.71
2,106,1,2051,4.51,2.27,5.36,13.45,26.15,44.71,76.54,96.7,1347.46,0.08,0.36,2.28,5.76,79.33,20.79,26.0,7.43
3,113,1,2051,6.77,2.57,4.83,13.1,28.61,46.82,72.19,94.96,1431.13,0.09,0.44,3.09,6.72,86.05,23.78,28.0,6.84
4,120,1,2051,5.21,2.51,7.53,14.63,27.15,55.53,80.03,95.89,1484.65,0.11,0.33,2.57,7.34,93.39,19.62,23.14,8.37
5,127,1,2051,6.15,2.66,6.55,13.96,20.99,53.68,74.57,96.19,1565.08,0.11,0.41,1.45,3.77,97.16,14.44,26.0,7.54
6,134,1,2051,5.22,3.19,3.49,12.71,27.31,35.28,66.22,94.26,1779.36,0.11,0.5,2.82,5.4,102.56,23.82,30.0,6.07
7,141,1,2051,6.12,2.87,5.56,13.83,29.74,41.86,71.37,93.86,1652.3,0.12,0.46,3.11,7.65,110.21,24.18,27.29,7.2
8,148,1,2051,5.87,3.03,9.71,15.53,25.05,61.67,82.0,95.56,1908.26,0.08,0.32,1.71,7.38,117.59,15.34,21.57,9.01
9,155,1,2051,6.22,2.69,11.13,15.5,26.05,66.38,82.64,94.21,1806.0,0.11,0.31,1.9,8.59,126.17,14.92,21.57,9.04
10,162,1,2051,4.72,2.3,12.86,15.71,21.4,72.54,86.79,96.29,1620.54,0.09,0.23,0.78,7.13,133.3,8.54,19.57,9.46
11,169,1,2051,7.62,2.97,12.97,16.41,21.12,68.32,82.35,96.03,2043.27,0.11,0.33,0.91,7.05,140.35,8.15,20.86,9.47
12,176,1,2051,6.23,3.53,11.4,16.14,21.56,61.43,76.22,94.82,2264.33,0.19,0.44,1.09,6.48,146.83,10.16,23.14,8.87
13,183,1,2051,5.8,4.17,13.1,19.26,34.91,47.87,65.61,95.53,2240.83,0.32,0.87,4.66,14.0,160.84,21.81,22.71,9.53
14,190,1,2051,3.34,3.34,13.3,17.74,23.71,66.45,81.55,95.24,2316.93,0.13,0.37,1.05,8.5,169.34,10.41,20.43,10.04
15,197,1,2051,6.14,3.91,14.49,18.55,27.14,58.33,73.97,92.8,2348.06,0.23,0.56,1.94,10.81,180.15,12.65,22.14,9.84
16,204,1,2051,5.06,3.47,13.21,17.57,22.56,70.8,84.31,96.21,2392.07,0.11,0.31,0.99,7.88,188.04,9.35,19.43,10.17
17,211,1,2051,3.05,3.53,13.09,17.3,22.27,65.72,80.4,95.27,2371.7,0.14,0.39,1.1,7.68,195.72,9.18,21.0,9.74
18,218,1,2051,5.39,3.86,13.84,18.32,23.85,66.1,81.11,94.72,2525.6,0.15,0.4,1.11,8.84,204.56,10.01,20.43,10.29
19,225,1,2051,3.18,3.96,14.77,18.41,22.76,68.0,81.35,95.21,2555.86,0.16,0.4,1.02,8.77,213.33,7.99,20.0,10.34
20,232,1,2051,5.07,3.39,15.84,18.94,23.3,75.69,85.78,94.99,2320.97,0.13,0.31,0.8,9.57,222.9,7.46,19.0,10.9
21,239,1,2051,3.52,3.23,16.72,19.66,23.32,75.92,86.08,95.22,2148.56,0.15,0.32,0.73,10.02,232.92,6.6,19.0,11.23
22,246,1,2051,3.68,3.56,17.46,19.84,26.18,71.12,83.43,92.48,2317.56,0.18,0.38,1.26,11.82,244.74,8.72,19.57,11.11
23,253,1,2051,1.42,3.29,17.45,20.02,23.92,76.24,85.2,95.28,2218.67,0.16,0.35,0.75,10.69,255.42,6.47,19.29,11.31
46,50,1,2052,0.83,2.2,11.54,17.19,25.44,59.38,80.28,95.93,1300.47,0.09,0.39,1.6,8.49,8.49,13.9,20.86,9.7
47,57,1,2052,1.89,3.01,14.36,21.79,35.32,33.42,59.59,92.01,1132.4,0.37,1.09,4.28,14.84,23.33,20.96,23.86,10.27
48,64,1,2052,5.37,2.87,11.55,20.17,33.1,23.25,51.7,83.11,1197.4,0.38,1.15,3.89,12.33,35.66,21.55,24.57,8.91
49,71,1,2052,2.81,2.17,7.87,15.64,28.86,45.7,74.59,95.82,1208.93,0.12,0.47,2.86,8.37,44.03,20.99,23.57,8.47
50,78,1,2052,8.72,1.83,6.42,13.73,26.21,50.35,76.09,95.7,1123.16,0.08,0.38,2.31,6.32,50.34,19.79,26.0,7.54
51,85,1,2052,4.45,2.07,9.86,16.17,29.99,51.42,73.94,96.44,1029.7,0.15,0.51,3.27,9.93,60.27,20.13,22.57,8.69
52,92,1,2052,3.3,2.57,8.99,16.5,29.3,28.26,55.09,89.11,1130.63,0.29,0.86,3.2,9.14,69.41,20.31,26.43,7.27
1,99,1,2052,4.54,2.14,5.36,13.01,22.97,42.11,71.44,94.76,1298.73,0.11,0.43,1.85,4.16,73.57,17.61,28.57,6.71
2,106,1,2052,4.99,2.27,5.36,13.45,26.15,44.71,76.54,96.7,1347.46,0.08,0.36,2.28,5.76,79.33,20.79,26.0,7.43
3,113,1,2052,6.59,2.57,4.83,13.1,28.61,46.82,72.19,94.96,1431.13,0.09,0.44,3.09,6.72,86.05,23.78,28.0,6.84
4,120,1,2052,5.44,2.51,7.53,14.63,27.15,55.53,80.03,95.89,1484.65,0.11,0.33,2.57,7.34,93.39,19.62,23.14,8.37
5,127,1,2052,7.31,2.66,6.55,13.96,20.99,53.68,74.57,96.19,1565.08,0.11,0.41,1.45,3.77,97.16,14.44,26.0,7.54
6,134,1,2052,5.26,3.19,3.49,12.71,27.31,35.28,66.22,94.26,1779.36,0.11,0.5,2.82,5.4,102.56,23.82,30.0,6.07
7,141,1,2052,5.85,2.87,5.56,13.83,29.74,41.86,71.37,93.86,1652.3,0.12,0.46,3.11,7.65,110.21,24.18,27.29,7.2
8,148,1,2052,5.83,3.03,9.71,15.53,25.05,61.67,82.0,95.56,1908.26,0.08,0.32,1.71,7.38,117.59,15.34,21.57,9.01
9,155,1,2052,6.64,2.69,11.13,15.5,26.05,66.38,82.64,94.21,1806.0,0.11,0.31,1.9,8.59,126.17,14.92,21.57,9.04
10,162,1,2052,5.09,2.3,12.86,15.71,21.4,72.54,86.79,96.29,1620.54,0.09,0.23,0.78,7.13,133.3,8.54,19.57,9.46
11,169,1,2052,7.21,2.97,12.97,16.41,21.12,68.32,82.35,96.03,2043.27,0.11,0.33,0.91,7.05,140.35,8.15,20.86,9.47
12,176,1,2052,5.78,3.53,11.4,16.14,21.56,61.43,76.22,94.82,2264.33,0.19,0.44,1.09,6.48,146.83,10.16,23.14,8.87
13,183,1,2052,5.71,4.17,13.1,19.26,34.91,47.87,65.61,95.53,2240.83,0.32,0.87,4.66,14.0,160.84,21.81,22.71,9.53
14,190,1,2052,3.05,3.34,13.3,17.74,23.71,66.45,81.55,95.24,2316.93,0.13,0.37,1.05,8.5,169.34,10.41,20.43,10.04
15,197,1,2052,3.92,3.91,14.49,18.55,27.14,58.33,73.97,92.8,2348.06,0.23,0.56,1.94,10.81,180.15,12.65,22.14,9.84
16,204,1,2052,6.28,3.47,13.21,17.57,22.56,70.8,84.31,96.21,2392.07,0.11,0.31,0.99,7.88,188.04,9.35,19.43,10.17
17,211,1,2052,1.11,3.53,13.09,17.3,22.27,65.72,80.4,95.27,2371.7,0.14,0.39,1.1,7.68,195.72,9.18,21.0,9.74
18,218,1,2052,5.26,3.86,13.84,18.32,23.85,66.1,81.11,94.72,2525.6,0.15,0.4,1.11,8.84,204.56,10.01,20.43,10.29
19,225,1,2052,3.88,3.96,14.77,18.41,22.76,68.0,81.35,95.21,2555.86,0.16,0.4,1.02,8.77,213.33,7.99,20.0,10.34
20,232,1,2052,5.2,3.39,15.84,18.94,23.3,75.69,85.78,94.99,2320.97,0.13,0.31,0.8,9.57,222.9,7.46,19.0,10.9
21,239,1,2052,3.59,3.23,16.72,19.66,23.32,75.92,86.08,95.22,2148.56,0.15,0.32,0.73,10.02,232.92,6.6,19.0,11.23
22,246,1,2052,3.95,3.56,17.46,19.84,26.18,71.12,83.43,92.48,2317.56,0.18,0.38,1.26,11.82,244.74,8.72,19.57,11.11
23,253,1,2052,0.39,3.29,17.45,20.02,23.92,76.24,85.2,95.28,2218.67,0.16,0.35,0.75,10.69,255.42,6.47,19.29,11.31
46,45,1,2053,0.23,2.2,11.54,17.19,25.44,59.38,80.28,95.93,1300.47,0.09,0.39,1.6,8.49,8.49,13.9,20.86,9.7
47,52,1,2053,1.48,3.01,14.36,21.79,35.32,33.42,59.59,92.01,1132.4,0.37,1.09,4.28,14.84,23.33,20.96,23.86,10.27
48,59,1,2053,2.54,2.87,11.55,20.17,33.1,23.25,51.7,83.11,1197.4,0.38,1.15,3.89,12.33,35.66,21.55,24.57,8.91
49,66,1,2053,1.13,2.17,7.87,15.64,28.86,45.7,74.59,95.82,1208.93,0.12,0.47,2.86,8.37,44.03,20.99,23.57,8.47
50,73,1,2053,2.16,1.83,6.42,13.73,26.21,50.35,76.09,95.7,1123.16,0.08,0.38,2.31,6.32,50.34,19.79,26.0,7.54
51,80,1,2053,2.16,2.07,9.86,16.17,29.99,51.42,73.94,96.44,1029.7,0.15,0.51,3.27,9.93,60.27,20.13,22.57,8.69
52,87,1,2053,2.0,2.57,8.99,16.5,29.3,28.26,55.09,89.11,1130.63,0.29,0.86,3.2,9.14,69.41,20.31,26.43,7.27
1,94,1,2053,1.33,2.14,5.36,13.01,22.97,42.11,71.44,94.76,1298.73,0.11,0.43,1.85,4.16,73.57,17.61,28.57,6.71
2,101,1,2053,1.56,2.27,5.36,13.45,26.15,44.71,76.54,96.7,1347.46,0.08,0.36,2.28,5.76,79.33,20.79,26.0,7.43
3,108,1,2053,2.13,2.57,4.83,13.1,28.61,46.82,72.19,94.96,1431.13,0.09,0.44,3.09,6.72,86.05,23.78,28.0,6.84
4,115,1,2053,2.23,2.51,7.53,14.63,27.15,55.53,80.03,95.89,1484.65,0.11,0.33,2.57,7.34,93.39,19.62,23.14,8.37
5,122,1,2053,2.91,2.66,6.55,13.96,20.99,53.68,74.57,96.19,1565.08,0.11,0.41,1.45,3.77,97.16,14.44,26.0,7.54
6,129,1,2053,5.35,3.19,3.49,12.71,27.31,35.28,66.22,94.26,1779.36,0.11,0.5,2.82,5.4,102.56,23.82,30.0,6.07
7,136,1,2053,1.68,2.87,5.56,13.83,29.74,41.86,71.37,93.86,1652.3,0.12,0.46,3.11,7.65,110.21,24.18,27.29,7.2
8,143,1,2053,3.04,3.03,9.71,15.53,25.05,61.67,82.0,95.56,1908.26,0.08,0.32,1.71,7.38,117.59,15.34,21.57,9.01
9,150,1,2053,4.21,2.69,11.13,15.5,26.05,66.38,82.64,94.21,1806.0,0.11,0.31,1.9,8.59,126.17,14.92,21.57,9.04
10,157,1,2053,5.73,2.3,12.86,15.71,21.4,72.54,86.79,96.29,1620.54,0.09,0.23,0.78,7.13,133.3,8.54,19.57,9.46
11,164,1,2053,6.06,2.97,12.97,16.41,21.12,68.32,82.35,96.03,2043.27,0.11,0.33,0.91,7.05,140.35,8.15,20.86,9.47
12,171,1,2053,2.3,3.53,11.4,16.14,21.56,61.43,76.22,94.82,2264.33,0.19,0.44,1.09,6.48,146.83,10.16,23.14,8.87
13,178,1,2053,2.13,4.17,13.1,19.26,34.91,47.87,65.61,95.53,2240.83,0.32,0.87,4.66,14.0,160.84,21.81,22.71,9.53
14,185,1,2053,1.59,3.34,13.3,17.74,23.71,66.45,81.55,95.24,2316.93,0.13,0.37,1.05,8.5,169.34,10.41,20.43,10.04
15,192,1,2053,2.96,3.91,14.49,18.55,27.14,58.33,73.97,92.8,2348.06,0.23,0.56,1.94,10.81,180.15,12.65,22.14,9.84
16,199,1,2053,1.86,3.47,13.21,17.57,22.56,70.8,84.31,96.21,2392.07,0.11,0.31,0.99,7.88,188.04,9.35,19.43,10.17
17,206,1,2053,0.96,3.53,13.09,17.3,22.27,65.72,80.4,95.27,2371.7,0.14,0.39,1.1,7.68,195.72,9.18,21.0,9.74
46,45,1,2054,0.38,2.2,11.54,17.19,25.44,59.38,80.28,95.93,1300.47,0.09,0.39,1.6,8.49,8.49,13.9,20.86,9.7
47,52,1,2054,2.06,3.01,14.36,21.79,35.32,33.42,59.59,92.01,1132.4,0.37,1.09,4.28,14.84,23.33,20.96,23.86,10.27
48,59,1,2054,3.65,2.87,11.55,20.17,33.1,23.25,51.7,83.11,1197.4,0.38,1.15,3.89,12.33,35.66,21.55,24.57,8.91
49,66,1,2054,1.8,2.17,7.87,15.64,28.86,45.7,74.59,95.82,1208.93,0.12,0.47,2.86,8.37,44.03,20.99,23.57,8.47
50,73,1,2054,2.71,1.83,6.42,13.73,26.21,50.35,76.09,95.7,1123.16,0.08,0.38,2.31,6.32,50.34,19.79,26.0,7.54
51,80,1,2054,3.11,2.07,9.86,16.17,29.99,51.42,73.94,96.44,1029.7,0.15,0.51,3.27,9.93,60.27,20.13,22.57,8.69
52,87,1,2054,2.63,2.57,8.99,16.5,29.3,28.26,55.09,89.11,1130.63,0.29,0.86,3.2,9.14,69.41,20.31,26.43,7.27
1,94,1,2054,1.83,2.14,5.36,13.01,22.97,42.11,71.44,94.76,1298.73,0.11,0.43,1.85,4.16,73.57,17.61,28.57,6.71
2,101,1,2054,2.35,2.27,5.36,13.45,26.15,44.71,76.54,96.7,1347.46,0.08,0.36,2.28,5.76,79.33,20.79,26.0,7.43
3,108,1,2054,3.14,2.57,4.83,13.1,28.61,46.82,72.19,94.96,1431.13,0.09,0.44,3.09,6.72,86.05,23.78,28.0,6.84
4,115,1,2054,3.11,2.51,7.53,14.63,27.15,55.53,80.03,95.89,1484.65,0.11,0.33,2.57,7.34,93.39,19.62,23.14,8.37
5,122,1,2054,4.74,2.66,6.55,13.96,20.99,53.68,74.57,96.19,1565.08,0.11,0.41,1.45,3.77,97.16,14.44,26.0,7.54
6,129,1,2054,5.66,3.19,3.49,12.71,27.31,35.28,66.22,94.26,1779.36,0.11,0.5,2.82,5.4,102.56,23.82,30.0,6.07
7,136,1,2054,3.31,2.87,5.56,13.83,29.74,41.86,71.37,93.86,1652.3,0.12,0.46,3.11,7.65,110.21,24.18,27.29,7.2
8,143,1,2054,3.27,3.03,9.71,15.53,25.05,61.67,82.0,95.56,1908.26,0.08,0.32,1.71,7.38,117.59,15.34,21.57,9.01
9,150,1,2054,9.68,2.69,11.13,15.5,26.05,66.38,82.64,94.21,1806.0,0.11,0.31,1.9,8.59,126.17,14.92,21.57,9.04
10,157,1,2054,7.94,2.3,12.86,15.71,21.4,72.54,86.79,96.29,1620.54,0.09,0.23,0.78,7.13,133.3,8.54,19.57,9.46
11,164,1,2054,8.15,2.97,12.97,16.41,21.12,68.32,82.35,96.03,2043.27,0.11,0.33,0.91,7.05,140.35,8.15,20.86,9.47
12,171,1,2054,3.42,3.53,11.4,16.14,21.56,61.43,76.22,94.82,2264.33,0.19,0.44,1.09,6.48,146.83,10.16,23.14,8.87
13,178,1,2054,3.58,4.17,13.1,19.26,34.91,47.87,65.61,95.53,2240.83,0.32,0.87,4.66,14.0,160.84,21.81,22.71,9.53
14,185,1,2054,2.14,3.34,13.3,17.74,23.71,66.45,81.55,95.24,2316.93,0.13,0.37,1.05,8.5,169.34,10.41,20.43,10.04
15,192,1,2054,4.19,3.91,14.49,18.55,27.14,58.33,73.97,92.8,2348.06,0.23,0.56,1.94,10.81,180.15,12.65,22.14,9.84
16,199,1,2054,2.75,3.47,13.21,17.57,22.56,70.8,84.31,96.21,2392.07,0.11,0.31,0.99,7.88,188.04,9.35,19.43,10.17
17,206,1,2054,1.16,3.53,13.09,17.3,22.27,65.72,80.4,95.27,2371.7,0.14,0.39,1.1,7.68,195.72,9.18,21.0,9.74
34,50,1,2055,3.81,3.73,19.37,23.77,40.42,52.72,83.01,99.93,1910.28,0.02,0.53,5.04,19.89,19.89,21.05,23.0,12.69
35,57,1,2055,4.55,3.63,17.82,22.21,31.36,55.9,87.55,99.93,1909.71,0.0,0.33,2.24,14.59,34.48,13.54,20.71,12.39
36,64,1,2055,5.82,3.06,18.96,23.2,32.28,60.48,87.29,99.93,1592.83,0.0,0.36,2.34,15.62,50.1,13.32,22.14,12.71
37,71,1,2055,7.75,3.71,16.8,21.88,34.26,55.65,85.83,99.93,1962.13,0.0,0.37,2.51,15.53,65.63,17.46,20.57,12.14
38,78,1,2055,8.7,3.41,17.47,22.61,35.02,49.7,82.27,99.93,1707.75,0.0,0.5,3.11,16.25,81.88,17.55,22.0,12.17
39,85,1,2055,5.82,3.69,16.97,22.29,33.85,53.81,85.06,99.93,1886.12,0.0,0.41,2.9,15.41,97.29,16.88,21.14,12.23
40,92,1,2055,8.82,2.91,17.88,22.11,32.67,59.51,90.69,99.93,1559.57,0.0,0.25,2.23,15.28,112.56,14.79,20.0,12.53
41,99,1,2055,4.19,2.33,18.49,22.24,32.23,61.0,89.78,99.93,1271.21,0.0,0.28,2.17,15.36,127.93,13.74,20.29,12.53
42,106,1,2055,4.84,2.8,16.56,21.69,32.04,54.42,85.78,99.93,1511.31,0.0,0.37,2.6,14.3,142.23,15.48,20.57,12.04
43,113,1,2055,4.84,2.87,15.81,21.5,37.0,45.73,79.12,99.93,1447.01,0.05,0.56,4.36,16.41,158.63,21.19,21.43,11.5
44,120,1,2055,2.63,2.66,12.79,18.17,27.23,50.28,85.28,99.93,1562.8,0.0,0.3,1.91,10.01,168.64,14.44,19.14,10.5
45,127,1,2055,3.41,3.29,17.27,24.31,37.75,18.39,44.42,99.93,1312.18,0.75,1.75,5.45,17.51,186.15,20.48,24.57,10.26
46,134,1,2055,2.06,2.26,14.18,18.86,28.33,51.91,81.16,99.93,1202.24,0.04,0.42,2.18,11.25,197.41,14.15,19.71,10.53
47,141,1,2055,1.81,2.89,17.25,23.19,34.73,31.28,58.25,95.07,1045.83,0.49,1.24,4.29,15.99,213.4,17.48,24.14,10.8
48,148,1,2055,2.71,2.97,16.0,22.72,34.14,19.91,40.47,63.69,1100.05,0.84,1.65,4.23,15.07,228.47,18.14,24.71,9.27
49,155,1,2055,2.66,2.19,11.07,17.75,30.67,35.46,69.87,99.93,1143.96,0.12,0.64,3.33,10.87,239.34,19.6,22.86,9.14
50,162,1,2055,0.64,1.84,8.86,15.09,27.94,44.02,76.29,99.93,1060.65,0.06,0.41,2.8,8.4,247.74,19.08,23.29,8.31
51,169,1,2055,1.05,1.81,5.14,17.73,30.16,10.45,65.97,99.93,996.96,0.42,0.69,3.52,7.65,255.39,25.02,4.57,3.79
52,176,1,2055,1.35,2.57,8.99,16.5,29.3,28.26,55.09,89.11,1130.63,0.29,0.86,3.2,9.14,264.53,20.31,26.43,7.27
1,183,1,2055,1.43,2.02,8.87,15.12,24.58,28.27,58.64,94.54,1025.06,0.26,0.71,2.32,6.73,271.25,15.71,27.2,6.8
2,190,1,2055,1.61,2.37,8.09,15.24,28.34,31.23,63.62,99.72,1304.44,0.17,0.64,3.05,8.22,279.47,20.25,26.0,7.3
3,197,1,2055,1.96,2.54,7.42,14.8,29.37,31.81,61.9,93.92,1350.4,0.18,0.68,3.53,8.4,287.87,21.95,27.29,6.91
4,204,1,2055,1.58,2.54,9.86,16.2,27.83,34.18,71.26,97.67,1396.63,0.1,0.54,3.23,8.85,296.71,17.97,23.71,8.49
5,211,1,2055,1.52,2.7,7.5,14.45,23.45,36.34,67.25,97.62,1475.76,0.11,0.55,2.19,5.47,302.19,15.95,27.14,7.2
6,218,1,2055,1.99,3.09,7.13,14.99,28.44,18.84,50.47,93.18,1623.28,0.26,0.86,3.29,7.78,309.97,21.31,27.57,5.96
7,225,1,2055,1.12,2.94,8.82,16.03,29.95,25.89,56.16,94.54,1496.77,0.21,0.82,3.68,9.38,319.36,21.13,26.14,7.1
8,232,1,2055,2.13,2.99,10.33,16.78,28.09,38.2,70.95,95.61,1849.94,0.11,0.56,2.64,9.21,328.57,17.76,23.86,8.77
9,239,1,2055,1.65,3.07,11.32,16.28,28.06,45.74,74.09,92.76,1802.52,0.12,0.49,2.79,9.69,338.26,16.74,23.57,8.76
10,246,1,2055,2.74,2.31,12.48,15.74,22.91,55.41,81.06,95.17,1491.88,0.11,0.34,1.42,7.69,345.95,10.43,22.0,9.04
11,253,1,2055,2.49,3.23,12.4,16.71,23.45,49.75,75.12,92.89,1908.36,0.13,0.47,1.51,7.92,353.87,11.05,23.14,9.03
12,260,1,2055,1.3,4.0,11.17,17.0,25.32,38.7,67.0,92.68,2217.33,0.17,0.64,2.17,8.24,362.12,14.15,24.57,8.56
13,267,1,2055,2.07,4.74,14.35,21.06,35.95,28.34,52.89,93.66,2199.88,0.3,1.28,5.28,15.15,377.27,21.6,24.14,9.41
14,274,1,2055,0.84,4.01,13.19,18.76,28.87,42.95,71.35,93.54,2239.91,0.17,0.62,2.53,11.03,388.3,15.68,22.71,9.76
34,50,1,2056,3.08,3.73,19.37,23.77,40.42,52.72,83.01,99.93,1910.28,0.02,0.53,5.04,19.89,19.89,21.05,23.0,12.69
35,57,1,2056,5.11,3.63,17.82,22.21,31.36,55.9,87.55,99.93,1909.71,0.0,0.33,2.24,14.59,34.48,13.54,20.71,12.39
36,64,1,2056,6.28,3.06,18.96,23.2,32.28,60.48,87.29,99.93,1592.83,0.0,0.36,2.34,15.62,50.1,13.32,22.14,12.71
37,71,1,2056,6.62,3.71,16.8,21.88,34.26,55.65,85.83,99.93,1962.13,0.0,0.37,2.51,15.53,65.63,17.46,20.57,12.14
38,78,1,2056,10.12,3.41,17.47,22.61,35.02,49.7,82.27,99.93,1707.75,0.0,0.5,3.11,16.25,81.88,17.55,22.0,12.17
39,85,1,2056,5.48,3.69,16.97,22.29,33.85,53.81,85.06,99.93,1886.12,0.0,0.41,2.9,15.41,97.29,16.88,21.14,12.23
40,92,1,2056,7.46,2.91,17.88,22.11,32.67,59.51,90.69,99.93,1559.57,0.0,0.25,2.23,15.28,112.56,14.79,20.0,12.53
41,99,1,2056,4.54,2.33,18.49,22.24,32.23,61.0,89.78,99.93,1271.21,0.0,0.28,2.17,15.36,127.93,13.74,20.29,12.53
42,106,1,2056,4.65,2.8,16.56,21.69,32.04,54.42,85.78,99.93,1511.31,0.0,0.37,2.6,14.3,142.23,15.48,20.57,12.04
43,113,1,2056,5.55,2.87,15.81,21.5,37.0,45.73,79.12,99.93,1447.01,0.05,0.56,4.36,16.41,158.63,21.19,21.43,11.5
44,120,1,2056,4.45,2.66,12.79,18.17,27.23,50.28,85.28,99.93,1562.8,0.0,0.3,1.91,10.01,168.64,14.44,19.14,10.5
45,127,1,2056,3.35,3.29,17.27,24.31,37.75,18.39,44.42,99.93,1312.18,0.75,1.75,5.45,17.51,186.15,20.48,24.57,10.26
46,134,1,2056,3.8,2.26,14.18,18.86,28.33,51.91,81.16,99.93,1202.24,0.04,0.42,2.18,11.25,197.41,14.15,19.71,10.53
47,141,1,2056,3.19,2.89,17.25,23.19,34.73,31.28,58.25,95.07,1045.83,0.49,1.24,4.29,15.99,213.4,17.48,24.14,10.8
48,148,1,2056,4.14,2.97,16.0,22.72,34.14,19.91,40.47,63.69,1100.05,0.84,1.65,4.23,15.07,228.47,18.14,24.71,9.27
49,155,1,2056,3.03,2.19,11.07,17.75,30.67,35.46,69.87,99.93,1143.96,0.12,0.64,3.33,10.87,239.34,19.6,22.86,9.14
50,162,1,2056,0.9,1.84,8.86,15.09,27.94,44.02,76.29,99.93,1060.65,0.06,0.41,2.8,8.4,247.74,19.08,23.29,8.31
51,169,1,2056,2.3,1.81,5.14,17.73,30.16,10.45,65.97,99.93,996.96,0.42,0.69,3.52,7.65,255.39,25.02,4.57,3.79
52,176,1,2056,2.35,2.57,8.99,16.5,29.3,28.26,55.09,89.11,1130.63,0.29,0.86,3.2,9.14,264.53,20.31,26.43,7.27
1,183,1,2056,1.27,2.02,8.87,15.12,24.58,28.27,58.64,94.54,1025.06,0.26,0.71,2.32,6.73,271.25,15.71,27.2,6.8
2,190,1,2056,2.62,2.37,8.09,15.24,28.34,31.23,63.62,99.72,1304.44,0.17,0.64,3.05,8.22,279.47,20.25,26.0,7.3
3,197,1,2056,2.83,2.54,7.42,14.8,29.37,31.81,61.9,93.92,1350.4,0.18,0.68,3.53,8.4,287.87,21.95,27.29,6.91
4,204,1,2056,2.86,2.54,9.86,16.2,27.83,34.18,71.26,97.67,1396.63,0.1,0.54,3.23,8.85,296.71,17.97,23.71,8.49
5,211,1,2056,3.27,2.7,7.5,14.45,23.45,36.34,67.25,97.62,1475.76,0.11,0.55,2.19,5.47,302.19,15.95,27.14,7.2
6,218,1,2056,3.74,3.09,7.13,14.99,28.44,18.84,50.47,93.18,1623.28,0.26,0.86,3.29,7.78,309.97,21.31,27.57,5.96
7,225,1,2056,1.78,2.94,8.82,16.03,29.95,25.89,56.16,94.54,1496.77,0.21,0.82,3.68,9.38,319.36,21.13,26.14,7.1
8,232,1,2056,2.94,2.99,10.33,16.78,28.09,38.2,70.95,95.61,1849.94,0.11,0.56,2.64,9.21,328.57,17.76,23.86,8.77
9,239,1,2056,3.33,3.07,11.32,16.28,28.06,45.74,74.09,92.76,1802.52,0.12,0.49,2.79,9.69,338.26,16.74,23.57,8.76
10,246,1,2056,4.28,2.31,12.48,15.74,22.91,55.41,81.06,95.17,1491.88,0.11,0.34,1.42,7.69,345.95,10.43,22.0,9.04
11,253,1,2056,3.0,3.23,12.4,16.71,23.45,49.75,75.12,92.89,1908.36,0.13,0.47,1.51,7.92,353.87,11.05,23.14,9.03
12,260,1,2056,2.4,4.0,11.17,17.0,25.32,38.7,67.0,92.68,2217.33,0.17,0.64,2.17,8.24,362.12,14.15,24.57,8.56
13,267,1,2056,4.02,4.74,14.35,21.06,35.95,28.34,52.89,93.66,2199.88,0.3,1.28,5.28,15.15,377.27,21.6,24.14,9.41
14,274,1,2056,2.41,4.01,13.19,18.76,28.87,42.95,71.35,93.54,2239.91,0.17,0.62,2.53,11.03,388.3,15.68,22.71,9.76
34,50,1,2057,3.27,3.73,19.37,23.77,40.42,52.72,83.01,99.93,1910.28,0.02,0.53,5.04,19.89,19.89,21.05,23.0,12.69
35,57,1,2057,4.25,3.63,17.82,22.21,31.36,55.9,87.55,99.93,1909.71,0.0,0.33,2.24,14.59,34.48,13.54,20.71,12.39
36,64,1,2057,6.56,3.06,18.96,23.2,32.28,60.48,87.29,99.93,1592.83,0.0,0.36,2.34,15.62,50.1,13.32,22.14,12.71
37,71,1,2057,6.98,3.71,16.8,21.88,34.26,55.65,85.83,99.93,1962.13,0.0,0.37,2.51,15.53,65.63,17.46,20.57,12.14
38,78,1,2057,10.82,3.41,17.47,22.61,35.02,49.7,82.27,99.93,1707.75,0.0,0.5,3.11,16.25,81.88,17.55,22.0,12.17
39,85,1,2057,6.31,3.69,16.97,22.29,33.85,53.81,85.06,99.93,1886.12,0.0,0.41,2.9,15.41,97.29,16.88,21.14,12.23
40,92,1,2057,5.76,2.91,17.88,22.11,32.67,59.51,90.69,99.93,1559.57,0.0,0.25,2.23,15.28,112.56,14.79,20.0,12.53
41,99,1,2057,6.22,2.33,18.49,22.24,32.23,61.0,89.78,99.93,1271.21,0.0,0.28,2.17,15.36,127.93,13.74,20.29,12.53
42,106,1,2057,4.59,2.8,16.56,21.69,32.04,54.42,85.78,99.93,1511.31,0.0,0.37,2.6,14.3,142.23,15.48,20.57,12.04
43,113,1,2057,5.89,2.87,15.81,21.5,37.0,45.73,79.12,99.93,1447.01,0.05,0.56,4.36,16.41,158.63,21.19,21.43,11.5
44,120,1,2057,3.6,2.66,12.79,18.17,27.23,50.28,85.28,99.93,1562.8,0.0,0.3,1.91,10.01,168.64,14.44,19.14,10.5
45,127,1,2057,4.62,3.29,17.27,24.31,37.75,18.39,44.42,99.93,1312.18,0.75,1.75,5.45,17.51,186.15,20.48,24.57,10.26
46,134,1,2057,2.91,2.26,14.18,18.86,28.33,51.91,81.16,99.93,1202.24,0.04,0.42,2.18,11.25,197.41,14.15,19.71,10.53
47,141,1,2057,4.19,2.89,17.25,23.19,34.73,31.28,58.25,95.07,1045.83,0.49,1.24,4.29,15.99,213.4,17.48,24.14,10.8
48,148,1,2057,5.03,2.97,16.0,22.72,34.14,19.91,40.47,63.69,1100.05,0.84,1.65,4.23,15.07,228.47,18.14,24.71,9.27
49,155,1,2057,2.69,2.19,11.07,17.75,30.67,35.46,69.87,99.93,1143.96,0.12,0.64,3.33,10.87,239.34,19.6,22.86,9.14
50,162,1,2057,1.09,1.84,8.86,15.09,27.94,44.02,76.29,99.93,1060.65,0.06,0.41,2.8,8.4,247.74,19.08,23.29,8.31
51,169,1,2057,3.05,1.81,5.14,17.73,30.16,10.45,65.97,99.93,996.96,0.42,0.69,3.52,7.65,255.39,25.02,4.57,3.79
52,176,1,2057,2.9,2.57,8.99,16.5,29.3,28.26,55.09,89.11,1130.63,0.29,0.86,3.2,9.14,264.53,20.31,26.43,7.27
1,183,1,2057,2.32,2.02,8.87,15.12,24.58,28.27,58.64,94.54,1025.06,0.26,0.71,2.32,6.73,271.25,15.71,27.2,6.8
2,190,1,2057,3.56,2.37,8.09,15.24,28.34,31.23,63.62,99.72,1304.44,0.17,0.64,3.05,8.22,279.47,20.25,26.0,7.3
3,197,1,2057,3.62,2.54,7.42,14.8,29.37,31.81,61.9,93.92,1350.4,0.18,0.68,3.53,8.4,287.87,21.95,27.29,6.91
4,204,1,2057,3.27,2.54,9.86,16.2,27.83,34.18,71.26,97.67,1396.63,0.1,0.54,3.23,8.85,296.71,17.97,23.71,8.49
5,211,1,2057,4.17,2.7,7.5,14.45,23.45,36.34,67.25,97.62,1475.76,0.11,0.55,2.19,5.47,302.19,15.95,27.14,7.2
6,218,1,2057,2.84,3.09,7.13,14.99,28.44,18.84,50.47,93.18,1623.28,0.26,0.86,3.29,7.78,309.97,21.31,27.57,5.96
7,225,1,2057,2.08,2.94,8.82,16.03,29.95,25.89,56.16,94.54,1496.77,0.21,0.82,3.68,9.38,319.36,21.13,26.14,7.1
8,232,1,2057,2.1,2.99,10.33,16.78,28.09,38.2,70.95,95.61,1849.94,0.11,0.56,2.64,9.21,328.57,17.76,23.86,8.77
9,239,1,2057,3.76,3.07,11.32,16.28,28.06,45.74,74.09,92.76,1802.52,0.12,0.49,2.79,9.69,338.26,16.74,23.57,8.76
10,246,1,2057,4.41,2.31,12.48,15.74,22.91,55.41,81.06,95.17,1491.88,0.11,0.34,1.42,7.69,345.95,10.43,22.0,9.04
11,253,1,2057,4.04,3.23,12.4,16.71,23.45,49.75,75.12,92.89,1908.36,0.13,0.47,1.51,7.92,353.87,11.05,23.14,9.03
12,260,1,2057,2.04,4.0,11.17,17.0,25.32,38.7,67.0,92.68,2217.33,0.17,0.64,2.17,8.24,362.12,14.15,24.57,8.56
13,267,1,2057,3.54,4.74,14.35,21.06,35.95,28.34,52.89,93.66,2199.88,0.3,1.28,5.28,15.15,377.27,21.6,24.14,9.41
14,274,1,2057,1.64,4.01,13.19,18.76,28.87,42.95,71.35,93.54,2239.91,0.17,0.62,2.53,11.03,388.3,15.68,22.71,9.76
50,50,1,2058,0.37,1.83,6.42,13.73,26.21,50.35,76.09,95.7,1123.16,0.08,0.38,2.31,6.32,6.32,19.79,26.0,7.54
51,57,1,2058,1.09,2.07,9.86,16.17,29.99,51.42,73.94,96.44,1029.7,0.15,0.51,3.27,9.93,16.25,20.13,22.57,8.69
52,64,1,2058,1.09,2.57,8.99,16.5,29.3,28.26,55.09,89.11,1130.63,0.29,0.86,3.2,9.14,25.39,20.31,26.43,7.27
1,71,1,2058,2.3,2.14,5.36,13.01,22.97,42.11,71.44,94.76,1298.73,0.11,0.43,1.85,4.16,29.55,17.61,28.57,6.71
2,78,1,2058,1.5,2.27,5.36,13.45,26.15,44.71,76.54,96.7,1347.46,0.08,0.36,2.28,5.76,35.31,20.79,26.0,7.43
3,85,1,2058,2.46,2.57,4.83,13.1,28.61,46.82,72.19,94.96,1431.13,0.09,0.44,3.09,6.72,42.03,23.78,28.0,6.84
4,92,1,2058,2.95,2.51,7.53,14.63,27.15,55.53,80.03,95.89,1484.65,0.11,0.33,2.57,7.34,49.37,19.62,23.14,8.37
5,99,1,2058,4.02,2.66,6.55,13.96,20.99,53.68,74.57,96.19,1565.08,0.11,0.41,1.45,3.77,53.14,14.44,26.0,7.54
6,106,1,2058,4.17,3.19,3.49,12.71,27.31,35.28,66.22,94.26,1779.36,0.11,0.5,2.82,5.4,58.54,23.82,30.0,6.07
7,113,1,2058,6.36,2.87,5.56,13.83,29.74,41.86,71.37,93.86,1652.3,0.12,0.46,3.11,7.65,66.18,24.18,27.29,7.2
8,120,1,2058,6.83,3.03,9.71,15.53,25.05,61.67,82.0,95.56,1908.26,0.08,0.32,1.71,7.38,73.56,15.34,21.57,9.01
9,127,1,2058,7.96,2.69,11.13,15.5,26.05,66.38,82.64,94.21,1806.0,0.11,0.31,1.9,8.59,82.15,14.92,21.57,9.04
10,134,1,2058,4.96,2.3,12.86,15.71,21.4,72.54,86.79,96.29,1620.54,0.09,0.23,0.78,7.13,89.28,8.54,19.57,9.46
11,141,1,2058,4.52,2.97,12.97,16.41,21.12,68.32,82.35,96.03,2043.27,0.11,0.33,0.91,7.05,96.33,8.15,20.86,9.47
12,148,1,2058,8.85,3.53,11.4,16.14,21.56,61.43,76.22,94.82,2264.33,0.19,0.44,1.09,6.48,102.81,10.16,23.14,8.87
13,155,1,2058,5.24,4.17,13.1,19.26,34.91,47.87,65.61,95.53,2240.83,0.32,0.87,4.66,14.0,116.81,21.81,22.71,9.53
14,162,1,2058,5.58,3.34,13.3,17.74,23.71,66.45,81.55,95.24,2316.93,0.13,0.37,1.05,8.5,125.32,10.41,20.43,10.04
15,169,1,2058,4.77,3.91,14.49,18.55,27.14,58.33,73.97,92.8,2348.06,0.23,0.56,1.94,10.81,136.13,12.65,22.14,9.84
16,176,1,2058,3.5,3.47,13.21,17.57,22.56,70.8,84.31,96.21,2392.07,0.11,0.31,0.99,7.88,144.02,9.35,19.43,10.17
17,183,1,2058,2.35,3.53,13.09,17.3,22.27,65.72,80.4,95.27,2371.7,0.14,0.39,1.1,7.68,151.69,9.18,21.0,9.74
18,190,1,2058,5.88,3.86,13.84,18.32,23.85,66.1,81.11,94.72,2525.6,0.15,0.4,1.11,8.84,160.54,10.01,20.43,10.29
19,197,1,2058,2.65,3.96,14.77,18.41,22.76,68.0,81.35,95.21,2555.86,0.16,0.4,1.02,8.77,169.31,7.99,20.0,10.34
20,204,1,2058,6.33,3.39,15.84,18.94,23.3,75.69,85.78,94.99,2320.97,0.13,0.31,0.8,9.57,178.87,7.46,19.0,10.9
21,211,1,2058,2.54,3.23,16.72,19.66,23.32,75.92,86.08,95.22,2148.56,0.15,0.32,0.73,10.02,188.9,6.6,19.0,11.23
22,218,1,2058,3.38,3.56,17.46,19.84,26.18,71.12,83.43,92.48,2317.56,0.18,0.38,1.26,11.82,200.71,8.72,19.57,11.11
50,50,1,2059,0.34,1.83,6.42,13.73,26.21,50.35,76.09,95.7,1123.16,0.08,0.38,2.31,6.32,6.32,19.79,26.0,7.54
51,57,1,2059,0.98,2.07,9.86,16.17,29.99,51.42,73.94,96.44,1029.7,0.15,0.51,3.27,9.93,16.25,20.13,22.57,8.69
52,64,1,2059,1.02,2.57,8.99,16.5,29.3,28.26,55.09,89.11,1130.63,0.29,0.86,3.2,9.14,25.39,20.31,26.43,7.27
1,71,1,2059,2.21,2.14,5.36,13.01,22.97,42.11,71.44,94.76,1298.73,0.11,0.43,1.85,4.16,29.55,17.61,28.57,6.71
2,78,1,2059,1.46,2.27,5.36,13.45,26.15,44.71,76.54,96.7,1347.46,0.08,0.36,2.28,5.76,35.31,20.79,26.0,7.43
3,85,1,2059,2.35,2.57,4.83,13.1,28.61,46.82,72.19,94.96,1431.13,0.09,0.44,3.09,6.72,42.03,23.78,28.0,6.84
4,92,1,2059,2.97,2.51,7.53,14.63,27.15,55.53,80.03,95.89,1484.65,0.11,0.33,2.57,7.34,49.37,19.62,23.14,8.37
5,99,1,2059,4.07,2.66,6.55,13.96,20.99,53.68,74.57,96.19,1565.08,0.11,0.41,1.45,3.77,53.14,14.44,26.0,7.54
6,106,1,2059,4.43,3.19,3.49,12.71,27.31,35.28,66.22,94.26,1779.36,0.11,0.5,2.82,5.4,58.54,23.82,30.0,6.07
7,113,1,2059,5.92,2.87,5.56,13.83,29.74,41.86,71.37,93.86,1652.3,0.12,0.46,3.11,7.65,66.18,24.18,27.29,7.2
8,120,1,2059,6.68,3.03,9.71,15.53,25.05,61.67,82.0,95.56,1908.26,0.08,0.32,1.71,7.38,73.56,15.34,21.57,9.01
9,127,1,2059,6.01,2.69,11.13,15.5,26.05,66.38,82.64,94.21,1806.0,0.11,0.31,1.9,8.59,82.15,14.92,21.57,9.04
10,134,1,2059,5.2,2.3,12.86,15.71,21.4,72.54,86.79,96.29,1620.54,0.09,0.23,0.78,7.13,89.28,8.54,19.57,9.46
11,141,1,2059,12.25,2.97,12.97,16.41,21.12,68.32,82.35,96.03,2043.27,0.11,0.33,0.91,7.05,96.33,8.15,20.86,9.47
12,148,1,2059,5.61,3.53,11.4,16.14,21.56,61.43,76.22,94.82,2264.33,0.19,0.44,1.09,6.48,102.81,10.16,23.14,8.87
13,155,1,2059,10.16,4.17,13.1,19.26,34.91,47.87,65.61,95.53,2240.83,0.32,0.87,4.66,14.0,116.81,21.81,22.71,9.53
14,162,1,2059,4.56,3.34,13.3,17.74,23.71,66.45,81.55,95.24,2316.93,0.13,0.37,1.05,8.5,125.32,10.41,20.43,10.04
15,169,1,2059,3.88,3.91,14.49,18.55,27.14,58.33,73.97,92.8,2348.06,0.23,0.56,1.94,10.81,136.13,12.65,22.14,9.84
16,176,1,2059,5.82,3.47,13.21,17.57,22.56,70.8,84.31,96.21,2392.07,0.11,0.31,0.99,7.88,144.02,9.35,19.43,10.17
17,183,1,2059,3.41,3.53,13.09,17.3,22.27,65.72,80.4,95.27,2371.7,0.14,0.39,1.1,7.68,151.69,9.18,21.0,9.74
18,190,1,2059,3.63,3.86,13.84,18.32,23.85,66.1,81.11,94.72,2525.6,0.15,0.4,1.11,8.84,160.54,10.01,20.43,10.29
19,197,1,2059,1.73,3.96,14.77,18.41,22.76,68.0,81.35,95.21,2555.86,0.16,0.4,1.02,8.77,169.31,7.99,20.0,10.34
20,204,1,2059,5.74,3.39,15.84,18.94,23.3,75.69,85.78,94.99,2320.97,0.13,0.31,0.8,9.57,178.87,7.46,19.0,10.9
21,211,1,2059,3.01,3.23,16.72,19.66,23.32,75.92,86.08,95.22,2148.56,0.15,0.32,0.73,10.02,188.9,6.6,19.0,11.23
22,218,1,2059,2.64,3.56,17.46,19.84,26.18,71.12,83.43,92.48,2317.56,0.18,0.38,1.26,11.82,200.71,8.72,19.57,11.11
51,50,1,2060,0.24,2.07,9.86,16.17,29.99,51.42,73.94,96.44,1029.7,0.15,0.51,3.27,9.93,9.93,20.13,22.57,8.69
52,57,1,2060,0.79,2.57,8.99,16.5,29.3,28.26,55.09,89.11,1130.63,0.29,0.86,3.2,9.14,19.07,20.31,26.43,7.27
1,64,1,2060,2.58,2.14,5.36,13.01,22.97,42.11,71.44,94.76,1298.73,0.11,0.43,1.85,4.16,23.24,17.61,28.57,6.71
2,71,1,2060,1.63,2.27,5.36,13.45,26.15,44.71,76.54,96.7,1347.46,0.08,0.36,2.28,5.76,28.99,20.79,26.0,7.43
3,78,1,2060,2.39,2.57,4.83,13.1,28.61,46.82,72.19,94.96,1431.13,0.09,0.44,3.09,6.72,35.71,23.78,28.0,6.84
4,85,1,2060,2.78,2.51,7.53,14.63,27.15,55.53,80.03,95.89,1484.65,0.11,0.33,2.57,7.34,43.05,19.62,23.14,8.37
5,92,1,2060,3.88,2.66,6.55,13.96,20.99,53.68,74.57,96.19,1565.08,0.11,0.41,1.45,3.77,46.82,14.44,26.0,7.54
6,99,1,2060,4.34,3.19,3.49,12.71,27.31,35.28,66.22,94.26,1779.36,0.11,0.5,2.82,5.4,52.22,23.82,30.0,6.07
7,106,1,2060,5.93,2.87,5.56,13.83,29.74,41.86,71.37,93.86,1652.3,0.12,0.46,3.11,7.65,59.87,24.18,27.29,7.2
8,113,1,2060,7.24,3.03,9.71,15.53,25.05,61.67,82.0,95.56,1908.26,0.08,0.32,1.71,7.38,67.25,15.34,21.57,9.01
9,120,1,2060,7.68,2.69,11.13,15.5,26.05,66.38,82.64,94.21,1806.0,0.11,0.31,1.9,8.59,75.84,14.92,21.57,9.04
10,127,1,2060,8.22,2.3,12.86,15.71,21.4,72.54,86.79,96.29,1620.54,0.09,0.23,0.78,7.13,82.97,8.54,19.57,9.46
11,134,1,2060,7.09,2.97,12.97,16.41,21.12,68.32,82.35,96.03,2043.27,0.11,0.33,0.91,7.05,90.01,8.15,20.86,9.47
12,141,1,2060,6.7,3.53,11.4,16.14,21.56,61.43,76.22,94.82,2264.33,0.19,0.44,1.09,6.48,96.5,10.16,23.14,8.87
13,148,1,2060,7.57,4.17,13.1,19.26,34.91,47.87,65.61,95.53,2240.83,0.32,0.87,4.66,14.0,110.5,21.81,22.71,9.53
14,155,1,2060,5.08,3.34,13.3,17.74,23.71,66.45,81.55,95.24,2316.93,0.13,0.37,1.05,8.5,119.0,10.41,20.43,10.04
15,162,1,2060,4.58,3.91,14.49,18.55,27.14,58.33,73.97,92.8,2348.06,0.23,0.56,1.94,10.81,129.82,12.65,22.14,9.84
16,169,1,2060,5.31,3.47,13.21,17.57,22.56,70.8,84.31,96.21,2392.07,0.11,0.31,0.99,7.88,137.7,9.35,19.43,10.17
17,176,1,2060,3.37,3.53,13.09,17.3,22.27,65.72,80.4,95.27,2371.7,0.14,0.39,1.1,7.68,145.38,9.18,21.0,9.74
18,183,1,2060,5.9,3.86,13.84,18.32,23.85,66.1,81.11,94.72,2525.6,0.15,0.4,1.11,8.84,154.22,10.01,20.43,10.29
19,190,1,2060,1.3,3.96,14.77,18.41,22.76,68.0,81.35,95.21,2555.86,0.16,0.4,1.02,8.77,162.99,7.99,20.0,10.34
20,197,1,2060,7.07,3.39,15.84,18.94,23.3,75.69,85.78,94.99,2320.97,0.13,0.31,0.8,9.57,172.56,7.46,19.0,10.9
21,204,1,2060,2.42,3.23,16.72,19.66,23.32,75.92,86.08,95.22,2148.56,0.15,0.32,0.73,10.02,182.58,6.6,19.0,11.23
22,211,1,2060,2.26,3.56,17.46,19.84,26.18,71.12,83.43,92.48,2317.56,0.18,0.38,1.26,11.82,194.4,8.72,19.57,11.11
51,50,1,2061,0.22,2.07,9.86,16.17,29.99,51.42,73.94,96.44,1029.7,0.15,0.51,3.27,9.93,9.93,20.13,22.57,8.69
52,57,1,2061,0.88,2.57,8.99,16.5,29.3,28.26,55.09,89.11,1130.63,0.29,0.86,3.2,9.14,19.07,20.31,26.43,7.27
1,64,1,2061,1.69,2.14,5.36,13.01,22.97,42.11,71.44,94.76,1298.73,0.11,0.43,1.85,4.16,23.24,17.61,28.57,6.71
2,71,1,2061,1.49,2.27,5.36,13.45,26.15,44.71,76.54,96.7,1347.46,0.08,0.36,2.28,5.76,28.99,20.79,26.0,7.43
3,78,1,2061,2.22,2.57,4.83,13.1,28.61,46.82,72.19,94.96,1431.13,0.09,0.44,3.09,6.72,35.71,23.78,28.0,6.84
4,85,1,2061,2.56,2.51,7.53,14.63,27.15,55.53,80.03,95.89,1484.65,0.11,0.33,2.57,7.34,43.05,19.62,23.14,8.37
5,92,1,2061,3.88,2.66,6.55,13.96,20.99,53.68,74.57,96.19,1565.08,0.11,0.41,1.45,3.77,46.82,14.44,26.0,7.54
6,99,1,2061,4.33,3.19,3.49,12.71,27.31,35.28,66.22,94.26,1779.36,0.11,0.5,2.82,5.4,52.22,23.82,30.0,6.07
7,106,1,2061,5.94,2.87,5.56,13.83,29.74,41.86,71.37,93.86,1652.3,0.12,0.46,3.11,7.65,59.87,24.18,27.29,7.2
8,113,1,2061,7.21,3.03,9.71,15.53,25.05,61.67,82.0,95.56,1908.26,0.08,0.32,1.71,7.38,67.25,15.34,21.57,9.01
9,120,1,2061,8.61,2.69,11.13,15.5,26.05,66.38,82.64,94.21,1806.0,0.11,0.31,1.9,8.59,75.84,14.92,21.57,9.04
10,127,1,2061,9.16,2.3,12.86,15.71,21.4,72.54,86.79,96.29,1620.54,0.09,0.23,0.78,7.13,82.97,8.54,19.57,9.46
11,134,1,2061,9.59,2.97,12.97,16.41,21.12,68.32,82.35,96.03,2043.27,0.11,0.33,0.91,7.05,90.01,8.15,20.86,9.47
12,141,1,2061,6.95,3.53,11.4,16.14,21.56,61.43,76.22,94.82,2264.33,0.19,0.44,1.09,6.48,96.5,10.16,23.14,8.87
13,148,1,2061,7.82,4.17,13.1,19.26,34.91,47.87,65.61,95.53,2240.83,0.32,0.87,4.66,14.0,110.5,21.81,22.71,9.53
14,155,1,2061,5.42,3.34,13.3,17.74,23.71,66.45,81.55,95.24,2316.93,0.13,0.37,1.05,8.5,119.0,10.41,20.43,10.04
15,162,1,2061,5.36,3.91,14.49,18.55,27.14,58.33,73.97,92.8,2348.06,0.23,0.56,1.94,10.81,129.82,12.65,22.14,9.84
16,169,1,2061,2.2,3.47,13.21,17.57,22.56,70.8,84.31,96.21,2392.07,0.11,0.31,0.99,7.88,137.7,9.35,19.43,10.17
17,176,1,2061,0.91,3.53,13.09,17.3,22.27,65.72,80.4,95.27,2371.7,0.14,0.39,1.1,7.68,145.38,9.18,21.0,9.74
18,183,1,2061,4.94,3.86,13.84,18.32,23.85,66.1,81.11,94.72,2525.6,0.15,0.4,1.11,8.84,154.22,10.01,20.43,10.29
19,190,1,2061,1.68,3.96,14.77,18.41,22.76,68.0,81.35,95.21,2555.86,0.16,0.4,1.02,8.77,162.99,7.99,20.0,10.34
20,197,1,2061,4.54,3.39,15.84,18.94,23.3,75.69,85.78,94.99,2320.97,0.13,0.31,0.8,9.57,172.56,7.46,19.0,10.9
21,204,1,2061,2.56,3.23,16.72,19.66,23.32,75.92,86.08,95.22,2148.56,0.15,0.32,0.73,10.02,182.58,6.6,19.0,11.23
22,211,1,2061,1.44,3.56,17.46,19.84,26.18,71.12,83.43,92.48,2317.56,0.18,0.38,1.26,11.82,194.4,8.72,19.57,11.11
51,50,1,2062,0.65,2.07,9.86,16.17,29.99,51.42,73.94,96.44,1029.7,0.15,0.51,3.27,9.93,9.93,20.13,22.57,8.69
52,57,1,2062,1.21,2.57,8.99,16.5,29.3,28.26,55.09,89.11,1130.63,0.29,0.86,3.2,9.14,19.07,20.31,26.43,7.27
1,64,1,2062,2.73,2.14,5.36,13.01,22.97,42.11,71.44,94.76,1298.73,0.11,0.43,1.85,4.16,23.24,17.61,28.57,6.71
2,71,1,2062,1.54,2.27,5.36,13.45,26.15,44.71,76.54,96.7,1347.46,0.08,0.36,2.28,5.76,28.99,20.79,26.0,7.43
3,78,1,2062,2.55,2.57,4.83,13.1,28.61,46.82,72.19,94.96,1431.13,0.09,0.44,3.09,6.72,35.71,23.78,28.0,6.84
4,85,1,2062,3.67,2.51,7.53,14.63,27.15,55.53,80.03,95.89,1484.65,0.11,0.33,2.57,7.34,43.05,19.62,23.14,8.37
5,92,1,2062,4.9,2.66,6.55,13.96,20.99,53.68,74.57,96.19,1565.08,0.11,0.41,1.45,3.77,46.82,14.44,26.0,7.54
6,99,1,2062,5.73,3.19,3.49,12.71,27.31,35.28,66.22,94.26,1779.36,0.11,0.5,2.82,5.4,52.22,23.82,30.0,6.07
7,106,1,2062,7.72,2.87,5.56,13.83,29.74,41.86,71.37,93.86,1652.3,0.12,0.46,3.11,7.65,59.87,24.18,27.29,7.2
8,113,1,2062,9.29,3.03,9.71,15.53,25.05,61.67,82.0,95.56,1908.26,0.08,0.32,1.71,7.38,67.25,15.34,21.57,9.01
9,120,1,2062,9.03,2.69,11.13,15.5,26.05,66.38,82.64,94.21,1806.0,0.11,0.31,1.9,8.59,75.84,14.92,21.57,9.04
10,127,1,2062,5.54,2.3,12.86,15.71,21.4,72.54,86.79,96.29,1620.54,0.09,0.23,0.78,7.13,82.97,8.54,19.57,9.46
11,134,1,2062,7.23,2.97,12.97,16.41,21.12,68.32,82.35,96.03,2043.27,0.11,0.33,0.91,7.05,90.01,8.15,20.86,9.47
12,141,1,2062,6.9,3.53,11.4,16.14,21.56,61.43,76.22,94.82,2264.33,0.19,0.44,1.09,6.48,96.5,10.16,23.14,8.87
13,148,1,2062,10.34,4.17,13.1,19.26,34.91,47.87,65.61,95.53,2240.83,0.32,0.87,4.66,14.0,110.5,21.81,22.71,9.53
14,155,1,2062,6.15,3.34,13.3,17.74,23.71,66.45,81.55,95.24,2316.93,0.13,0.37,1.05,8.5,119.0,10.41,20.43,10.04
15,162,1,2062,6.2,3.91,14.49,18.55,27.14,58.33,73.97,92.8,2348.06,0.23,0.56,1.94,10.81,129.82,12.65,22.14,9.84
16,169,1,2062,3.17,3.47,13.21,17.57,22.56,70.8,84.31,96.21,2392.07,0.11,0.31,0.99,7.88,137.7,9.35,19.43,10.17
17,176,1,2062,4.47,3.53,13.09,17.3,22.27,65.72,80.4,95.27,2371.7,0.14,0.39,1.1,7.68,145.38,9.18,21.0,9.74
18,183,1,2062,6.09,3.86,13.84,18.32,23.85,66.1,81.11,94.72,2525.6,0.15,0.4,1.11,8.84,154.22,10.01,20.43,10.29
19,190,1,2062,2.16,3.96,14.77,18.41,22.76,68.0,81.35,95.21,2555.86,0.16,0.4,1.02,8.77,162.99,7.99,20.0,10.34
20,197,1,2062,6.98,3.39,15.84,18.94,23.3,75.69,85.78,94.99,2320.97,0.13,0.31,0.8,9.57,172.56,7.46,19.0,10.9
21,204,1,2062,2.42,3.23,16.72,19.66,23.32,75.92,86.08,95.22,2148.56,0.15,0.32,0.73,10.02,182.58,6.6,19.0,11.23
22,211,1,2062,2.55,3.56,17.46,19.84,26.18,71.12,83.43,92.48,2317.56,0.18,0.38,1.26,11.82,194.4,8.72,19.57,11.11
51,50,1,2063,0.6,2.07,9.86,16.17,29.99,51.42,73.94,96.44,1029.7,0.15,0.51,3.27,9.93,9.93,20.13,22.57,8.69
52,57,1,2063,0.78,2.57,8.99,16.5,29.3,28.26,55.09,89.11,1130.63,0.29,0.86,3.2,9.14,19.07,20.31,26.43,7.27
1,64,1,2063,2.79,2.14,5.36,13.01,22.97,42.11,71.44,94.76,1298.73,0.11,0.43,1.85,4.16,23.24,17.61,28.57,6.71
2,71,1,2063,1.27,2.27,5.36,13.45,26.15,44.71,76.54,96.7,1347.46,0.08,0.36,2.28,5.76,28.99,20.79,26.0,7.43
3,78,1,2063,1.95,2.57,4.83,13.1,28.61,46.82,72.19,94.96,1431.13,0.09,0.44,3.09,6.72,35.71,23.78,28.0,6.84
4,85,1,2063,2.43,2.51,7.53,14.63,27.15,55.53,80.03,95.89,1484.65,0.11,0.33,2.57,7.34,43.05,19.62,23.14,8.37
5,92,1,2063,2.97,2.66,6.55,13.96,20.99,53.68,74.57,96.19,1565.08,0.11,0.41,1.45,3.77,46.82,14.44,26.0,7.54
6,99,1,2063,4.2,3.19,3.49,12.71,27.31,35.28,66.22,94.26,1779.36,0.11,0.5,2.82,5.4,52.22,23.82,30.0,6.07
7,106,1,2063,5.83,2.87,5.56,13.83,29.74,41.86,71.37,93.86,1652.3,0.12,0.46,3.11,7.65,59.87,24.18,27.29,7.2
8,113,1,2063,8.12,3.03,9.71,15.53,25.05,61.67,82.0,95.56,1908.26,0.08,0.32,1.71,7.38,67.25,15.34,21.57,9.01
9,120,1,2063,6.21,2.69,11.13,15.5,26.05,66.38,82.64,94.21,1806.0,0.11,0.31,1.9,8.59,75.84,14.92,21.57,9.04
10,127,1,2063,6.38,2.3,12.86,15.71,21.4,72.54,86.79,96.29,1620.54,0.09,0.23,0.78,7.13,82.97,8.54,19.57,9.46
11,134,1,2063,5.77,2.97,12.97,16.41,21.12,68.32,82.35,96.03,2043.27,0.11,0.33,0.91,7.05,90.01,8.15,20.86,9.47
12,141,1,2063,5.34,3.53,11.4,16.14,21.56,61.43,76.22,94.82,2264.33,0.19,0.44,1.09,6.48,96.5,10.16,23.14,8.87
13,148,1,2063,3.01,4.17,13.1,19.26,34.91,47.87,65.61,95.53,2240.83,0.32,0.87,4.66,14.0,110.5,21.81,22.71,9.53
14,155,1,2063,4.34,3.34,13.3,17.74,23.71,66.45,81.55,95.24,2316.93,0.13,0.37,1.05,8.5,119.0,10.41,20.43,10.04
15,162,1,2063,5.68,3.91,14.49,18.55,27.14,58.33,73.97,92.8,2348.06,0.23,0.56,1.94,10.81,129.82,12.65,22.14,9.84
16,169,1,2063,6.26,3.47,13.21,17.57,22.56,70.8,84.31,96.21,2392.07,0.11,0.31,0.99,7.88,137.7,9.35,19.43,10.17
17,176,1,2063,3.52,3.53,13.09,17.3,22.27,65.72,80.4,95.27,2371.7,0.14,0.39,1.1,7.68,145.38,9.18,21.0,9.74
18,183,1,2063,3.36,3.86,13.84,18.32,23.85,66.1,81.11,94.72,2525.6,0.15,0.4,1.11,8.84,154.22,10.01,20.43,10.29
19,190,1,2063,1.52,3.96,14.77,18.41,22.76,68.0,81.35,95.21,2555.86,0.16,0.4,1.02,8.77,162.99,7.99,20.0,10.34
20,197,1,2063,3.37,3.39,15.84,18.94,23.3,75.69,85.78,94.99,2320.97,0.13,0.31,0.8,9.57,172.56,7.46,19.0,10.9
21,204,1,2063,2.12,3.23,16.72,19.66,23.32,75.92,86.08,95.22,2148.56,0.15,0.32,0.73,10.02,182.58,6.6,19.0,11.23
22,211,1,2063,2.13,3.56,17.46,19.84,26.18,71.12,83.43,92.48,2317.56,0.18,0.38,1.26,11.82,194.4,8.72,19.57,11.11
50,50,1,2064,0.45,1.83,6.42,13.73,26.21,50.35,76.09,95.7,1123.16,0.08,0.38,2.31,6.32,6.32,19.79,26.0,7.54
51,57,1,2064,1.23,2.07,9.86,16.17,29.99,51.42,73.94,96.44,1029.7,0.15,0.51,3.27,9.93,16.25,20.13,22.57,8.69
52,64,1,2064,1.09,2.57,8.99,16.5,29.3,28.26,55.09,89.11,1130.63,0.29,0.86,3.2,9.14,25.39,20.31,26.43,7.27
1,71,1,2064,2.2,2.14,5.36,13.01,22.97,42.11,71.44,94.76,1298.73,0.11,0.43,1.85,4.16,29.55,17.61,28.57,6.71
2,78,1,2064,1.53,2.27,5.36,13.45,26.15,44.71,76.54,96.7,1347.46,0.08,0.36,2.28,5.76,35.31,20.79,26.0,7.43
3,85,1,2064,2.3,2.57,4.83,13.1,28.61,46.82,72.19,94.96,1431.13,0.09,0.44,3.09,6.72,42.03,23.78,28.0,6.84
4,92,1,2064,3.0,2.51,7.53,14.63,27.15,55.53,80.03,95.89,1484.65,0.11,0.33,2.57,7.34,49.37,19.62,23.14,8.37
5,99,1,2064,4.09,2.66,6.55,13.96,20.99,53.68,74.57,96.19,1565.08,0.11,0.41,1.45,3.77,53.14,14.44,26.0,7.54
6,106,1,2064,4.3,3.19,3.49,12.71,27.31,35.28,66.22,94.26,1779.36,0.11,0.5,2.82,5.4,58.54,23.82,30.0,6.07
7,113,1,2064,6.43,2.87,5.56,13.83,29.74,41.86,71.37,93.86,1652.3,0.12,0.46,3.11,7.65,66.18,24.18,27.29,7.2
8,120,1,2064,6.56,3.03,9.71,15.53,25.05,61.67,82.0,95.56,1908.26,0.08,0.32,1.71,7.38,73.56,15.34,21.57,9.01
9,127,1,2064,7.58,2.69,11.13,15.5,26.05,66.38,82.64,94.21,1806.0,0.11,0.31,1.9,8.59,82.15,14.92,21.57,9.04
10,134,1,2064,5.15,2.3,12.86,15.71,21.4,72.54,86.79,96.29,1620.54,0.09,0.23,0.78,7.13,89.28,8.54,19.57,9.46
11,141,1,2064,4.86,2.97,12.97,16.41,21.12,68.32,82.35,96.03,2043.27,0.11,0.33,0.91,7.05,96.33,8.15,20.86,9.47
12,148,1,2064,9.8,3.53,11.4,16.14,21.56,61.43,76.22,94.82,2264.33,0.19,0.44,1.09,6.48,102.81,10.16,23.14,8.87
13,155,1,2064,6.17,4.17,13.1,19.26,34.91,47.87,65.61,95.53,2240.83,0.32,0.87,4.66,14.0,116.81,21.81,22.71,9.53
14,162,1,2064,3.98,3.34,13.3,17.74,23.71,66.45,81.55,95.24,2316.93,0.13,0.37,1.05,8.5,125.32,10.41,20.43,10.04
15,169,1,2064,6.3,3.91,14.49,18.55,27.14,58.33,73.97,92.8,2348.06,0.23,0.56,1.94,10.81,136.13,12.65,22.14,9.84
16,176,1,2064,4.52,3.47,13.21,17.57,22.56,70.8,84.31,96.21,2392.07,0.11,0.31,0.99,7.88,144.02,9.35,19.43,10.17
17,183,1,2064,3.54,3.53,13.09,17.3,22.27,65.72,80.4,95.27,2371.7,0.14,0.39,1.1,7.68,151.69,9.18,21.0,9.74
18,190,1,2064,5.32,3.86,13.84,18.32,23.85,66.1,81.11,94.72,2525.6,0.15,0.4,1.11,8.84,160.54,10.01,20.43,10.29
19,197,1,2064,1.68,3.96,14.77,18.41,22.76,68.0,81.35,95.21,2555.86,0.16,0.4,1.02,8.77,169.31,7.99,20.0,10.34
20,204,1,2064,6.5,3.39,15.84,18.94,23.3,75.69,85.78,94.99,2320.97,0.13,0.31,0.8,9.57,178.87,7.46,19.0,10.9
21,211,1,2064,2.01,3.23,16.72,19.66,23.32,75.92,86.08,95.22,2148.56,0.15,0.32,0.73,10.02,188.9,6.6,19.0,11.23
22,218,1,2064,2.98,3.56,17.46,19.84,26.18,71.12,83.43,92.48,2317.56,0.18,0.38,1.26,11.82,200.71,8.72,19.57,11.11
